DMS_id,DMS_filename,UniProt_ID,taxon,target_seq,seq_len,includes_multiple_mutants,DMS_total_number_mutants,DMS_number_single_mutants,DMS_number_multiple_mutants,DMS_binarization_cutoff,DMS_binarization_method,first_author,title,year,jo,region_mutated,molecule_name,source_organism,selection_assay,selection_type,MSA_filename,MSA_start,MSA_end,MSA_len,MSA_bitscore,MSA_theta,MSA_num_seqs,MSA_perc_cov,MSA_num_cov,MSA_N_eff,MSA_Neff_L,MSA_Neff_L_category,MSA_num_significant,MSA_num_significant_L,raw_DMS_filename,raw_DMS_phenotype_name,raw_DMS_directionality,raw_DMS_mutant_column,weight_file_name
A0A140D2T1_ZIKV_Sourisseau_growth_2019,A0A140D2T1_ZIKV_Sourisseau_growth_2019.csv,A0A140D2T1_ZIKV,Virus,MKNPKKKSGGFRIVNMLKRGVARVNPLGGLKRLPAGLLLGHGPIRMVLAILAFLRFTAIKPSLGLINRWGSVGKKEAMEIIKKFKKDLAAMLRIINARKERKRRGADTSIGIIGLLLTTAMAAEITRRGSAYYMYLDRSDAGKAISFATTLGVNKCHVQIMDLGHMCDATMSYECPMLDEGVEPDDVDCWCNTTSTWVVYGTCHHKKGEARRSRRAVTLPSHSTRKLQTRSQTWLESREYTKHLIKVENWIFRNPGFALVAVAIAWLLGSSTSQKVIYLVMILLIAPAYSIRCIGVSNRDFVEGMSGGTWVDVVLEHGGCVTVMAQDKPTVDIELVTTTVSNMAEVRSYCYEASISDMASDSRCPTQGEAYLDKQSDTQYVCKRTLVDRGWGNGCGLFGKGSLVTCAKFTCSKKMTGKSIQPENLEYRIMLSVHGSQHSGMIVNDTGYETDENRAKVEVTPNSPRAEATLGGFGSLGLDCEPRTGLDFSDLYYLTMNNKHWLVHKEWFHDIPLPWHAGADTGTPHWNNKEALVEFKDAHAKRQTVVVLGSQEGAVHTALAGALEAEMDGAKGKLFSGHLKCRLKMDKLRLKGVSYSLCTAAFTFTKVPAETLHGTVTVEVQYAGTDGPCKIPVQMAVDMQTLTPVGRLITANPVITESTENSKMMLELDPPFGDSYIVIGVGDKKITHHWHRSGSTIGKAFEATVRGAKRMAVLGDTAWDFGSVGGVFNSLGKGIHQIFGAAFKSLFGGMSWFSQILIGTLLVWLGLNTKNGSISLTCLALGGVMIFLSTAVSADVGCSVDFSKKETRCGTGVFIYNDVEAWRDRYKYHPDSPRRLAAAVKQAWEEGICGISSVSRMENIMWKSVEGELNAILEENGVQLTVVVGSVKNPMWRGPQRLPVPVNELPHGWKAWGKSYFVRAAKTNNSFVVDGDTLKECPLEHRAWNSFLVEDHGFGVFHTSVWLKVREDYSLECDPAVIGTAVKGREAAHSDLGYWIESEKNDTWRLKRAHLIEMKTCEWPKSHTLWTDGVEESDLIIPKSLAGPLSHHNTREGYRTQVKGPWHSEELEIRFEECPGTKVYVEETCGTRGPSLRSTTASGRVIEEWCCRECTMPPLSFRAKDGCWYGMEIRPRKEPESNLVRSMVTAGSTDHMDHFSLGVLVILLMVQEGLKKRMTTKIIMSTSMAVLVVMILGGFSMSDLAKLVILMGATFAEMNTGGDVAHLALVAAFKVRPALLVSFIFRANWTPRESMLLALASCLLQTAISALEGDLMVLINGFALAWLAIRAMAVPRTDNIALPILAALTPLARGTLLVAWRAGLATCGGIMLLSLKGKGSVKKNLPFVMALGLTAVRVVDPINVVGLLLLTRSGKRSWPPSEVLTAVGLICALAGGFAKADIEMAGPMAAVGLLIVSYVVSGKSVDMYIERAGDITWEKDAEVTGNSPRLDVALDESGDFSLVEEDGPPMREIILKVVLMAICGMNPIAIPFAAGAWYVYVKTGKRSGALWDVPAPKEVKKGETTDGVYRVMTRRLLGSTQVGVGVMQEGVFHTMWHVTKGAALRSGEGRLDPYWGDVKQDLVSYCGPWKLDAAWDGLSEVQLLAVPPGERARNIQTLPGIFKTKDGDIGAVALDYPAGTSGSPILDKCGRVIGLYGNGVVIKNGSYVSAITQGKREEETPVECFEPSMLKKKQLTVLDLHPGAGKTRRVLPEIVREAIKKRLRTVILAPTRVVAAEMEEALRGLPVRYMTTAVNVTHSGTEIVDLMCHATFTSRLLQPIRVPNYNLYIMDEAHFTDPSSIAARGYISTRVEMGEAAAIFMTATPPGTRDAFPDSNSPIMDTEVEVPERAWSSGFDWVTDHSGKTVWFVPSVRNGNEIAACLTKAGKRVIQLSRKTFETEFQKTKNQEWDFVITTDISEMGANFKADRVIDSRRCLKPVILDGERVILAGPMPVTHASAAQRRGRIGRNPNKPGDEYMYGGGCAETDEGHAHWLEARMLLDNIYLQDGLIASLYRPEADKVAAIEGEFKLRTEQRKTFVELMKRGDLPVWLAYQVASAGITYTDRRWCFDGTTNNTIMEDSVPAEVWTKYGEKRVLKPRWMDARVCSDHAALKSFKEFAAGKRGAALGVMEALGTLPGHMTERFQEAIDNLAVLMRAETGSRPYKAAAAQLPETLETIMLLGLLGTVSLGIFFVLMRNKGIGKMGFGMVTLGASAWLMWLSEIEPARIACVLIVVFLLLVVLIPEPEKQRSPQDNQMAIIIMVAVGLLGLITANELGWLERTKNDIAHLMGRREEGATMGFSMDIDLRPASAWAIYAALTTLITPAVQHAVTTSYNNYSLMAMATQAGVLFGMGKGMPFYAWDLGVPLLMMGCYSQLTPLTLIVAIILLVAHYMYLIPGLQAAAARAAQKRTAAGIMKNPVVDGIVVTDIDTMTIDPQVEKKMGQVLLIAVAISSAVLLRTAWGWGEAGALITAATSTLWEGSPNKYWNSSTATSLCNIFRGSYLAGASLIYTVTRNAGLVKRRGGGTGETLGEKWKARLNQMSALEFYSYKKSGITEVCREEARRALKDGVATGGHAVSRGSAKLRWLVERGYLQPYGKVVDLGCGRGGWSYYAATIRKVQEVRGYTKGGPGHEEPMLVQSYGWNIVRLKSGVDVFHMAAEPCDTLLCDIGESSSSPEVEETRTLRVLSMVGDWLEKRPGAFCIKVLCPYTSTMMETMERLQRRHGGGLVRVPLSRNSTHEMYWVSGAKSNIIKSVSTTSQLLLGRMDGPRRPVKYEEDVNLGSGTRAVASCAEAPNMKIIGRRIERIRNEHAETWFLDENHPYRTWAYHGSYEAPTQGSASSLVNGVVRLLSKPWDVVTGVTGIAMTDTTPYGQQRVFKEKVDTRVPDPQEGTRQVMNIVSSWLWKELGKRKRPRVCTKEEFINKVRSNAALGAIFEEEKEWKTAVEAVNDPRFWALVDREREHHLRGECHSCVYNMMGKREKKQGEFGKAKGSRAIWYMWLGARFLEFEALGFLNEDHWMGRENSGGGVEGLGLQRLGYILEEMNRAPGGKMYADDTAGWDTRISKFDLENEALITNQMEEGHRTLALAVIKYTYQNKVVKVLRPAEGGKTVMDIISRQDQRGSGQVVTYALNTFTNLVVQLIRNMEAEEVLEMQDLWLLRKPEKVTRWLQSNGWDRLKRMAVSGDDCVVKPIDDRFAHALRFLNDMGKVRKDTQEWKPSTGWSNWEEVPFCSHHFNKLYLKDGRSIVVPCRHQDELIGRARVSPGAGWSIRETACLAKSYAQMWQLLYFHRRDLRLMANAICSAVPVDWVPTGRTTWSIHGKGEWMTTEDMLMVWNRVWIEENDHMEDKTPVTKWTDIPYLGKREDLWCGSLIGHRPRTTWAENIKDTVNMVRRIIGDEEKYMDYLSTQVRYLGEEGSTPGVL,3423,FALSE,9576,9576,0,0.04324892146,median,Sourisseau,Deep Mutational Scanning Comprehensively Maps How Zika Envelope Protein Mutations Affect Viral Growth and Antibody Escape,2019,10.1128/JVI.01291-19,291-794,E,Zika virus,Viral replication,Growth,A0A140D2T1_ZIKV_theta0.99_281-804_11-26-2021_b02.a2m,281,804,524,0.2,0.01,16501,0.948,497,1357.9,2.732193159,medium,329,0.661971831,A0A140D2T1_ZIKV_Sourisseau_growth_2019.csv,effect,1,mutant,A0A140D2T1_ZIKV_theta_0.01.npy
A0A192B1T2_9HIV1_Haddox_2018,A0A192B1T2_9HIV1_Haddox_2018.csv,A0A192B1T2_9HIV1,Virus,MRVKGIQMNSQHLLRWGIMILGMIMICSVAGNLWVTVYYGVPVWKDAETTLFCASDAKAYDAEVHNIWATHACVPTDPNPQEINLENVTEEFNMWKNNMVEQMHTDIISLWDQGLKPCVKLTPLCVTLDCHNVTYNITSDMKEEITNCSYNVTTVIRDKKQKVSSLFYKLDVVQIGGNNRTNSQYRLINCNTSAITQACPKVTFEPIPIHYCAPAGFAILKCKDEKFNGTGLCKNVSTVQCTHGIKPVVSTQLLLNGSLAEGEVRIRSENITNNAKNIIVQLASPVTINCIRPNNNTRKSVHLGPGQAFYATDGIIGEIRQAHCNVSKKEWNSTLQKVANQLRPYFKNNTIIKFANSSGGDLEITTHSFNCGGEFFYCNTSGLFNSTWEFNSTWNNSNSTENITLQCRIKQIINMWQRAGQAIYAPPIPGVIRCKSNITGLILTRDGGSNKNTSETFRPGGGDMRDNWRSELYKYKVVKIEPIGVAPTRAKRRVVEREKRAVGIGAVFIGFLGAAGSTMGAASVTLTVQARQLLSGIVQQQSNLLRAIEAQQHLLKLTVWGIKQLQARVLAVERYLKDQQLLGIWGCSGKLICTTNVPWNSSWSNKSQDEIWGNMTWLQWDKEVSNYTQIIYTLIEESQNQQEKNEQDLLALDKWASLWNWFNISQWLWYIKIFIIIVGGLIGLRIVFAVLSVINRVRQGYSPLSFQTRTPNPGELDRPGRIEEEGGEQDRGRSIRLVSGFLALAWDDLRSLCLFSYHRLRDFILIATRTVELLGHSSLKGLRLGWESLKYLGNLLVYWGRELKISAINLCDTIAIAVAGWTDRVIELGQRLCRAILHIPRRIRQGFERALL,852,FALSE,12577,12577,0,-2.2,manual,Haddox,Mapping mutational effects along the evolutionary landscape of HIV envelope,2018,10.7554/eLife.34420,30-691,HIV env protein (BF520),HIV,Viral replication,Growth,A0A192B1T2_9HIV1_theta0.99_full_11-26-2021_b09.a2m,1,852,852,0.9,0.01,74854,0.986,840,36319.9,43.23797619,medium,2382,2.835714286,A0A192B1T2_9HIV1_Haddox_2018.csv,fitness,1,mutant,A0A192B1T2_9HIV1_theta_0.01.npy
A0A1I9GEU1_NEIME_Kennouche_2019,A0A1I9GEU1_NEIME_Kennouche_2019.csv,A0A1I9GEU1_NEIME,Prokaryote,FTLIELMIVIAIVGILAAVALPAYQDYTARAQVSEAILLAEGQKSAVTEYYLNHGEWPGDNSSAGVATSADIKGKYVQSVTVANGVITAQMASSNVNNEIKSKKLSLWAKRQNGSVKWFCGQPVTRTTATATDVAAANGKTDDKINTKHLPSTCRDDSSAS,161,FALSE,922,922,0,0.141,median,Kennouche,Deep mutational scanning of the Neisseria meningitidis major pilin reveals the importance of pilus tip-mediated adhesion,2019,10.15252/embj.2019102145,1-161,pilin (PilE),Neisseria meningitidis,"piliation (20D9 anti-pilus monoclonal Ab), aggregation, adhesion (human umbilical vein endothelial cells (HUVECs))",,A0A1I9GEU1_NEIME_full_11-26-2021_b08.a2m,1,161,161,0.8,0.2,5553,0.857,138,2183.6,15.82318841,medium,72,0.5217391304,A0A1I9GEU1_NEIME_Kennouche_2019.csv,piliation_log2_ratio,1,mutants,A0A1I9GEU1_NEIME_theta_0.2.npy
A0A2Z5U3Z0_9INFA_Doud_2016,A0A2Z5U3Z0_9INFA_Doud_2016.csv,A0A2Z5U3Z0_9INFA,Virus,MKAKLLVLLYAFVATDADTICIGYHANNSTDTVDTILEKNVAVTHSVNLLEDSHNGKLCKLKGIAPLQLGKCNITGWLLGNPECDSLLPARSWSYIVETPNSENGACYPGDLIDYEELREQLSSVSSLERFEIFPKESSWPNHTFNGVTVSCSHRGKSSFYRNLLWLTKKGDSYPKLTNSYVNNKGKEVLVLWGVHHPSSSDEQQSLYSNGNAYVSVASSNYNRRFTPEIAARPKVRDQHGRMNYYWTLLEPGDTIIFEATGNLIAPWYAFALSRGFESGIITSNASMHECNTKCQTPQGAINSNLPFQNIHPVTIGECPKYVRSTKLRMVTGLRNIPSIQYRGLFGAIAGFIEGGWTGMIDGWYGYHHQNEQGSGYAADQKSTQNAINGITNKVNSVIEKMNTQFTAVGKEFNNLEKRMENLNKKVDDGFLDIWTYNAELLVLLENERTLDFHDLNVKNLYEKVKSQLKNNAKEIGNGCFEFYHKCDNECMESVRNGTYDYPKYSEESKLNREKIDGVKLESMGVYQILAIYSTVASSLVLLVSLGAISFWMCSNGSLQCRICI,565,FALSE,10715,10715,0,-2.239942981,median,Doud,Accurate Measurement of the Effects of All Amino-Acid Mutations on Influenza Hemagglutinin,2016,10.3390/v8060155,2-565,hemagglutinin,influenza H1N1,viral replication,Growth,A0A2Z5U3Z0_9INFA_theta0.99_full_11-26-2021_b09.a2m,1,565,565,0.9,0.01,57581,0.968,547,9809.4,17.93308958,medium,925,1.691042048,A0A2Z5U3Z0_9INFA_Doud_2016.csv,transformed_pref,1,mutant,A0A2Z5U3Z0_9INFA_theta_0.01.npy
A0A2Z5U3Z0_9INFA_Wu_2014,A0A2Z5U3Z0_9INFA_Wu_2014.csv,A0A2Z5U3Z0_9INFA,Virus,MKAKLLVLLYAFVATDADTICIGYHANNSTDTVDTILEKNVAVTHSVNLLEDSHNGKLCKLKGIAPLQLGKCNITGWLLGNPECDSLLPARSWSYIVETPNSENGACYPGDLIDYEELREQLSSVSSLERFEIFPKESSWPNHTFNGVTVSCSHRGKSSFYRNLLWLTKKGDSYPKLTNSYVNNKGKEVLVLWGVHHPSSSDEQQSLYSNGNAYVSVASSNYNRRFTPEIAARPKVRDQHGRMNYYWTLLEPGDTIIFEATGNLIAPWYAFALSRGFESGIITSNASMHECNTKCQTPQGAINSNLPFQNIHPVTIGECPKYVRSTKLRMVTGLRNIPSIQYRGLFGAIAGFIEGGWTGMIDGWYGYHHQNEQGSGYAADQKSTQNAINGITNKVNSVIEKMNTQFTAVGKEFNNLEKRMENLNKKVDDGFLDIWTYNAELLVLLENERTLDFHDLNVKNLYEKVKSQLKNNAKEIGNGCFEFYHKCDNECMESVRNGTYDYPKYSEESKLNREKIDGVKLESMGVYQILAIYSTVASSLVLLVSLGAISFWMCSNGSLQCRICI,565,FALSE,2350,2350,0,0.0947955855,median,Wu,High-throughput profiling of influenza A virus hemagglutinin gene at single-nucleotide resolution,2014,10.1038/srep04942,1-565,HA,Influenza A virus (A/WSN/1933(H1N1)),Viral replication,Growth,A0A2Z5U3Z0_9INFA_theta0.99_full_11-26-2021_b09.a2m,1,565,565,0.9,0.01,57581,0.968,547,9809.4,17.93308958,medium,925,1.691042048,A0A2Z5U3Z0_9INFA_Wu_2014.csv,RF Index,1,mutant,A0A2Z5U3Z0_9INFA_theta_0.01.npy
A4_HUMAN_Seuma_2021,A4_HUMAN_Seuma_2021.csv,A4_HUMAN,Human,MLPGLALLLLAAWTARALEVPTDGNAGLLAEPQIAMFCGRLNMHMNVQNGKWDSDPSGTKTCIDTKEGILQYCQEVYPELQITNVVEANQPVTIQNWCKRGRKQCKTHPHFVIPYRCLVGEFVSDALLVPDKCKFLHQERMDVCETHLHWHTVAKETCSEKSTNLHDYGMLLPCGIDKFRGVEFVCCPLAEESDNVDSADAEEDDSDVWWGGADTDYADGSEDKVVEVAEEEEVAEVEEEEADDDEDDEDGDEVEEEAEEPYEEATERTTSIATTTTTTTESVEEVVREVCSEQAETGPCRAMISRWYFDVTEGKCAPFFYGGCGGNRNNFDTEEYCMAVCGSAMSQSLLKTTQEPLARDPVKLPTTAASTPDAVDKYLETPGDENEHAHFQKAKERLEAKHRERMSQVMREWEEAERQAKNLPKADKKAVIQHFQEKVESLEQEAANERQQLVETHMARVEAMLNDRRRLALENYITALQAVPPRPRHVFNMLKKYVRAEQKDRQHTLKHFEHVRMVDPKKAAQIRSQVMTHLRVIYERMNQSLSLLYNVPAVAEEIQDEVDELLQKEQNYSDDVLANMISEPRISYGNDALMPSLTETKTTVELLPVNGEFSLDDLQPWHSFGADSVPANTENEVEPVDARPAADRGLTTRPGSGLTNIKTEEISEVKMDAEFRHDSGYEVHHQKLVFFAEDVGSNKGAIIGLMVGGVVIATVIVITLVMLKKKQYTSIHHGVVEVDAAVTPEERHLSKMQQNGYENPTYKFFEQMQN,770,TRUE,14483,468,14015,-2.14,manual,Seuma,The genetic landscape for amyloid beta fibril nucleation accurately discriminates familial Alzheimer's disease mutations,2021,10.7554/eLife.63364,672-713,APP,Homo sapiens,aggregation of Sup35p,Aggregation,A4_HUMAN_full_11-26-2021_b01.a2m,1,770,770,0.1,0.2,3978,0.951,732,82.2,0.112295082,low,0,0,A4_HUMAN_Seuma_2021.csv,nscore,1,mutant,A4_HUMAN_theta_0.2.npy
A4D664_9INFA_Soh_CCL141_2019,A4D664_9INFA_Soh_CCL141_2019.csv,A4D664_9INFA,Virus,MERIKELRDLMSQSRTREILTKTTVDHMAIIKKYTSGRQEKNPALRMKWMMAMKYPITADKRIMEMIPERNEQGQTLWSKTNDAGSDRVMVSPLAVTWWNRNGPTTSTVHYPKVYKTYFEKVERLKHGTFGPVHFRNQVKIRRRVDINPGHADLSAKEAQDVIMEVVFPNEVGARILTSESQLTITREKKEELQDCKIAPLMVAYMLERELVRKTRFLPVAGGTSSVYIEVLHLTQGTCWEQMYTPGGEVRNDDVDQSLIIAARNIVRRATVSADPLASLLEMCHSTQIGGIRMVDILRQNPTEEQAVDICKAAMGLRISSSFSFGGFTFKRTSGSSVKREEEVLTGNLQTLKIRVHEGYEEFTMVGRRATAILRKATRRLIQLIVSGRDEQSIAEAIIVALVFSQEDCMIKAVRGDLNFVNRANQRLNPMHQLLRHFQKDAKVLFQNWGIEPIDNVMGMIGILPDMTPSTEMSLRGIRVSKMGVDEYSSTERVVVSIDRFLRVRDQRGNVLLSPEEVSETQGTEKLTITYSSSMMWEINGPESVLVNTYQWIIRNWETVKIQWSQDPTMLYNKMEFEPFQSLVPKAARGQYSGFVRTLFQQMRDVLGTFDTVQIIKLLPFAAAPPEQSRMQFSSLTVNVRGSGMRILVRGNSPVFNYNKATKRLTVLGKDAGALTEDPDEGTAGVESAVLRGFLILGKEDKRYGPALSINELSNLAKGEKANVLIGQGDVVLVMKRKRDSSILTDSQTATKRIRMAIN,759,FALSE,14421,14421,0,0.2170105627,median,Soh,Comprehensive mapping of adaptation of the avian influenza polymerase protein PB2 to humans,2019,10.7554/eLife.45079,1-759,PB2,Influenza A virus,Viral replication (avian cells: CCL141 (duck)),Growth,A4D664_9INFA_theta0.99_full_11-26-2021_b09.a2m,1,759,759,0.9,0.01,26683,1,759,1730.2,2.279578393,medium,3736,4.92226614,A4D664_9INFA_Soh_2019.csv,effectCCL141,1,mutant,A4D664_9INFA_theta_0.01.npy
A4GRB6_PSEAI_Chen_2020,A4GRB6_PSEAI_Chen_2020.csv,A4GRB6_PSEAI,Prokaryote,MFKLLSKLLVYLTASIMAIASPLAFSVDSSGEYPTVSEIPVGEVRLYQIADGVWSHIATQSFDGAVYPSNGLIVRDGDELLLIDTAWGAKNTAALLAEIEKQIGLPVTRAVSTHFHDDRVGGVDVLRAAGVATYASPSTRRLAEVEGNEIPTHSLEGLSSSGDAVRFGPVELFYPGAAHSTDNLIVYVPSASVLYGGCAIYELSRTSAGNVADADLAEWPTSIERIQQHYPEAQFVIPGHGLPGGLDLLKHTTNVVKAHTNRSVVE,266,FALSE,5004,5004,0,-2.1,manual,Chen,"Comprehensive exploration of the translocation, stability and substrate recognition requirements in VIM-2 lactamase",2020,10.7554/eLife.56707,1-266,beta-lactamase VIM-2,Pseudomonas aeruginosa,"drug resistance (128/16/2.0 ug/mL ampicillin, 4.0/0.5 ug/mL cefotaxime, 0.031 ug/mL meropenem @ 25C, 37C)",Antibiotics resistance,A4GRB6_PSEAI_full_11-26-2021_b03.a2m,1,266,266,0.3,0.2,108496,0.726,193,31234.2,161.8352332,high,317,1.642487047,A4GRB6_PSEAI_Chen_2020.csv,0.031ug_mL_MEM_37C,1,mutant,A4GRB6_PSEAI_theta_0.2.npy
AACC1_PSEAI_Dandage_2018,AACC1_PSEAI_Dandage_2018.csv,AACC1_PSEAI,Prokaryote,MLRSSNDVTQQGSRPKTKLGGSSMGIIRTCRLGPDQVKSMRAALDLFGREFGDVATYSQHQPDSDYLGNLLRSKTFIALAAFDQEAVVGALAAYVLPKFEQPRSEIYIYDLAVSGEHRRQGIATALINLLKHEANALGAYVIYVQADYGDDPAVALYTKLGIREEVMHFDIDPSTAT,177,FALSE,1801,1801,0,0.7172234411,median,Dandage,Differential strengths of molecular determinants guide environment specific mutational fates,2018,10.1371/journal.pgen.1007419,12-172,GMR (aacC1),Pseudomonas aeruginosa,"Antibiotic resistance under: heat/cold resistance (32C, 37C (ref), 42C), chemical stability (chemical chaperones TMAO, glycerol), antibiotic resistance (gentamicin), or combo",Antibiotics resistance,AACC1_PSEAI_full_04-29-2022_b03.a2m,1,177,177,0.3,0.2,539868,0.746,132,170256.3,1289.820455,high,235,1.78030303,AACC1_PSEAI_Dandage_2018.csv,30C,1,Mutation,AACC1_PSEAI_theta_0.2.npy
ADRB2_HUMAN_Jones_2020,ADRB2_HUMAN_Jones_2020.csv,ADRB2_HUMAN,Human,MGQPGNGSAFLLAPNGSHAPDHDVTQERDEVWVVGMGIVMSLIVLAIVFGNVLVITAIAKFERLQTVTNYFITSLACADLVMGLAVVPFGAAHILMKMWTFGNFWCEFWTSIDVLCVTASIETLCVIAVDRYFAITSPFKYQSLLTKNKARVIILMVWIVSGLTSFLPIQMHWYRATHQEAINCYANETCCDFFTNQAYAIASSIVSFYVPLVIMVFVYSRVFQEAKRQLQKIDKSEGRFHVQNLSQVEQDGRTGHGLRRSSKFCLKEHKALKTLGIIMGTFTLCWLPFFIVNIVHVIQDNLIRKEVYILLNWIGYVNSGFNPLIYCRSPDFRIAFQELLCLRRSSLKAYGNGYSSNGNTGEQSGYHVEQEKENKLLCEDLPGTEDFVGHQGTVPSDNIDSQGRNCSTNDSLL,413,FALSE,7800,7800,0,1.859961867,median,Jones,Structural and Functional Characterization of G Protein-Coupled Receptors with Deep Mutational Scanning,2020,10.7554/eLife.54895,2-413,ADRB2,Homo sapiens,"transcription (luciferase reporter, isoproterenol (beta2AR agonist)-induced)",Receptor activity,ADRB2_HUMAN_full_11-26-2021_b03.a2m,1,413,413,0.3,0.2,204722,0.712,294,25459.6,86.59727891,medium,234,0.7959183673,ADRB2_HUMAN_Jones_2020.csv,0.625,1,mutant_id,ADRB2_HUMAN_theta_0.2.npy
AMIE_PSEAE_Wrenbeck_2017,AMIE_PSEAE_Wrenbeck_2017.csv,AMIE_PSEAE,Prokaryote,MRHGDISSSNDTVGVAVVNYKMPRLHTAAEVLDNARKIAEMIVGMKQGLPGMDLVVFPEYSLQGIMYDPAEMMETAVAIPGEETEIFSRACRKANVWGVFSLTGERHEEHPRKAPYNTLVLIDNNGEIVQKYRKIIPWCPIEGWYPGGQTYVSEGPKGMKISLIICDDGNYPEIWRDCAMKGAELIVRCQGYMYPAKDQQVMMAKAMAWANNCYVAVANAAGFDGVYSYFGHSAIIGFDGRTLGECGEEEMGIQYAQLSLSQIRDARANDQSQNHLFKILHRGYSGLQASGDGDRGLAECPFEFYRTWVTDAEKARENVERLTRSTTGVAQCPVGRLPYEGLEKEA,346,FALSE,6227,6227,0,-0.2222,median,Wrenbeck,Single-mutation fitness landscapes for an enzyme on multiple substrates reveal specificity is globally encoded,2017,10.1038/ncomms15695,1-341,amiE,Pseudomonas aeruginosa,Enzyme function,Growth,AMIE_PSEAE_full_11-26-2021_b02.a2m,1,346,346,0.2,0.2,140703,0.725,251,29959.3,119.359761,high,557,2.219123506,AMIE_PSEAE_Wrenbeck_2017.csv,isobutyramide_normalized_fitness,1,mutant,AMIE_PSEAE_theta_0.2.npy
B3VI55_LIPST_Klesmith_2015,B3VI55_LIPST_Klesmith_2015.csv,LGK_LIPST,Eukaryote,MPIATSTGDNVLDFTVLGLNSGTSMDGIDCALCHFYQKTPDAPMEFELLEYGEVPLAQPIKQRVMRMILEDTTSPSELSEVNVILGEHFADAVRQFAAERNVDLSTIDAIASHGQTIWLLSMPEEGQVKSALTMAEGAIIAARTGITSITDFRISDQAAGRQGAPLIAFFDALLLHHPTKLRACQNIGGIANVCFIPPDVDGRRTDEYYDFDTGPGNVFIDAVVRHFTNGEQEYDKDGAMGKRGKVDQELVDDFLKMPYFQLDPPKTTGREVFRDTLAHDLIRRAEAKGLSPDDIVATTTRITAQAIVDHYRRYAPSQEIDEIFMCGGGAYNPNIVEFIQQSYPNTKIMMLDEAGVPAGAKEAITFAWQGMECLVGRSIPVPTRVETRQHYVLGKVSPGLNYRSVMKKGMAFGGDAQQLPWVSEMIVKKKGKVITNNWA,439,FALSE,7890,7890,0,-0.6245,median,Klesmith,Comprehensive Sequence-Flux Mapping of a Levoglucosan Utilization Pathway in E. coli,2015,10.1021/acssynbio.5b00131,1-439,LGK (levoglucosan kinase),Lipomyces starkeyi (Oleaginous yeast),Growth,Growth,B3VI55_LIPST_full_11-26-2021_b03.a2m,1,439,439,0.3,0.2,31069,0.813,357,7971,22.32773109,medium,588,1.647058824,B3VI55_LIPST_Klesmith_2015.csv,SelectionTwo,1,mutant,B3VI55_LIPST_theta_0.2.npy
BLAT_ECOLX_Deng_2012,BLAT_ECOLX_Deng_2012.csv,BLAT_ECOLX,Prokaryote,MSIQHFRVALIPFFAAFCLPVFAHPETLVKVKDAEDQLGARVGYIELDLNSGKILESFRPEERFPMMSTFKVLLCGAVLSRVDAGQEQLGRRIHYSQNDLVEYSPVTEKHLTDGMTVRELCSAAITMSDNTAANLLLTTIGGPKELTAFLHNMGDHVTRLDRWEPELNEAIPNDERDTTMPAAMATTLRKLLTGELLTLASRQQLIDWMEADKVAGPLLRSALPAGWFIADKSGAGERGSRGIIAALGPDGKPSRIVVIYTTGSQATMDERNRQIAEIGASLIKHW,286,FALSE,4996,4996,0,-2.913548,median,Deng,Deep Sequencing of Systematic Combinatorial Libraries Reveals Œ≤-Lactamase Sequence Constraints at High Resolution,2012,10.1016/j.jmb.2012.09.014,1-286,bla,Escherichia coli,"antibiotic resistance, MIC",Amp resistance,BLAT_ECOLX_full_11-26-2021_b02.a2m,1,286,286,0.2,0.2,209644,0.752,215,47605,221.4186047,high,446,2.074418605,BLAT_ECOLX_Deng_2012.csv,ddG_stat,-1,mutant,BLAT_ECOLX_theta_0.2.npy
BLAT_ECOLX_Firnberg_2014,BLAT_ECOLX_Firnberg_2014.csv,BLAT_ECOLX,Prokaryote,MSIQHFRVALIPFFAAFCLPVFAHPETLVKVKDAEDQLGARVGYIELDLNSGKILESFRPEERFPMMSTFKVLLCGAVLSRVDAGQEQLGRRIHYSQNDLVEYSPVTEKHLTDGMTVRELCSAAITMSDNTAANLLLTTIGGPKELTAFLHNMGDHVTRLDRWEPELNEAIPNDERDTTMPAAMATTLRKLLTGELLTLASRQQLIDWMEADKVAGPLLRSALPAGWFIADKSGAGERGSRGIIAALGPDGKPSRIVVIYTTGSQATMDERNRQIAEIGASLIKHW,286,FALSE,4783,4783,0,0.4257,median,Firnberg,"A Comprehensive, High-Resolution Map of a Gene's Fitness Landscape",2014,10.1093/molbev/msu081,1-286,bla,Escherichia coli,Growth (0.25-1024 ug/mL ampicillin) doubling,Growth,BLAT_ECOLX_full_11-26-2021_b02.a2m,1,286,286,0.2,0.2,209644,0.752,215,47605,221.4186047,high,446,2.074418605,BLAT_ECOLX_Firnberg_2014.csv,linear,1,mutant,BLAT_ECOLX_theta_0.2.npy
BLAT_ECOLX_Jacquier_2013,BLAT_ECOLX_Jacquier_2013.csv,BLAT_ECOLX,Prokaryote,MSIQHFRVALIPFFAAFCLPVFAHPETLVKVKDAEDQLGARVGYIELDLNSGKILESFRPEERFPMMSTFKVLLCGAVLSRVDAGQEQLGRRIHYSQNDLVEYSPVTEKHLTDGMTVRELCSAAITMSDNTAANLLLTTIGGPKELTAFLHNMGDHVTRLDRWEPELNEAIPNDERDTTMPAAMATTLRKLLTGELLTLASRQQLIDWMEADKVAGPLLRSALPAGWFIADKSGAGERGSRGIIAALGPDGKPSRIVVIYTTGSQATMDERNRQIAEIGASLIKHW,286,FALSE,989,989,0,-0.666666667,median,Jacquier,Capturing the mutational landscape of the beta-lactamase TEM-1,2013,10.1073/pnas.1215206110,1-286,bla,Escherichia coli,MIC,Amoxicillin resistance,BLAT_ECOLX_full_11-26-2021_b02.a2m,1,286,286,0.2,0.2,209644,0.752,215,47605,221.4186047,high,446,2.074418605,BLAT_ECOLX_Jacquier_2013.csv,MIC_score,1,mutant,BLAT_ECOLX_theta_0.2.npy
BLAT_ECOLX_Stiffler_2015,BLAT_ECOLX_Stiffler_2015.csv,BLAT_ECOLX,Prokaryote,MSIQHFRVALIPFFAAFCLPVFAHPETLVKVKDAEDQLGARVGYIELDLNSGKILESFRPEERFPMMSTFKVLLCGAVLSRVDAGQEQLGRRIHYSQNDLVEYSPVTEKHLTDGMTVRELCSAAITMSDNTAANLLLTTIGGPKELTAFLHNMGDHVTRLDRWEPELNEAIPNDERDTTMPAAMATTLRKLLTGELLTLASRQQLIDWMEADKVAGPLLRSALPAGWFIADKSGAGERGSRGIIAALGPDGKPSRIVVIYTTGSQATMDERNRQIAEIGASLIKHW,286,FALSE,4996,4996,0,-1.159498916,median,Stiffler,Evolvability as a Function of Purifying Selection in TEM-1 β-lactamase,2015,10.1016/j.cell.2015.01.035,24-286,bla,Escherichia coli,Growth (10-2500 ug/mL ampicillin),Growth,BLAT_ECOLX_full_11-26-2021_b02.a2m,1,286,286,0.2,0.2,209644,0.752,215,47605,221.4186047,high,446,2.074418605,BLAT_ECOLX_Stiffler_2015.csv,2500,1,mutant,BLAT_ECOLX_theta_0.2.npy
BRCA1_HUMAN_Findlay_2018,BRCA1_HUMAN_Findlay_2018.csv,BRCA1_HUMAN,Human,MDLSALRVEEVQNVINAMQKILECPICLELIKEPVSTKCDHIFCKFCMLKLLNQKKGPSQCPLCKNDITKRSLQESTRFSQLVEELLKIICAFQLDTGLEYANSYNFAKKENNSPEHLKDEVSIIQSMGYRNRAKRLLQSEPENPSLQETSLSVQLSNLGTVRTLRTKQRIQPQKTSVYIELGSDSSEDTVNKATYCSVGDQELLQITPQGTRDEISLDSAKKAACEFSETDVTNTEHHQPSNNDLNTTEKRAAERHPEKYQGSSVSNLHVEPCGTNTHASSLQHENSSLLLTKDRMNVEKAEFCNKSKQPGLARSQHNRWAGSKETCNDRRTPSTEKKVDLNADPLCERKEWNKQKLPCSENPRDTEDVPWITLNSSIQKVNEWFSRSDELLGSDDSHDGESESNAKVADVLDVLNEVDEYSGSSEKIDLLASDPHEALICKSERVHSKSVESNIEDKIFGKTYRKKASLPNLSHVTENLIIGAFVTEPQIIQERPLTNKLKRKRRPTSGLHPEDFIKKADLAVQKTPEMINQGTNQTEQNGQVMNITNSGHENKTKGDSIQNEKNPNPIESLEKESAFKTKAEPISSSISNMELELNIHNSKAPKKNRLRRKSSTRHIHALELVVSRNLSPPNCTELQIDSCSSSEEIKKKKYNQMPVRHSRNLQLMEGKEPATGAKKSNKPNEQTSKRHDSDTFPELKLTNAPGSFTKCSNTSELKEFVNPSLPREEKEEKLETVKVSNNAEDPKDLMLSGERVLQTERSVESSSISLVPGTDYGTQESISLLEVSTLGKAKTEPNKCVSQCAAFENPKGLIHGCSKDNRNDTEGFKYPLGHEVNHSRETSIEMEESELDAQYLQNTFKVSKRQSFAPFSNPGNAEEECATFSAHSGSLKKQSPKVTFECEQKEENQGKNESNIKPVQTVNITAGFPVVGQKDKPVDNAKCSIKGGSRFCLSSQFRGNETGLITPNKHGLLQNPYRIPPLFPIKSFVKTKCKKNLLEENFEEHSMSPEREMGNENIPSTVSTISRNNIRENVFKEASSSNINEVGSSTNEVGSSINEIGSSDENIQAELGRNRGPKLNAMLRLGVLQPEVYKQSLPGSNCKHPEIKKQEYEEVVQTVNTDFSPYLISDNLEQPMGSSHASQVCSETPDDLLDDGEIKEDTSFAENDIKESSAVFSKSVQKGELSRSPSPFTHTHLAQGYRRGAKKLESSEENLSSEDEELPCFQHLLFGKVNNIPSQSTRHSTVATECLSKNTEENLLSLKNSLNDCSNQVILAKASQEHHLSEETKCSASLFSSQCSELEDLTANTNTQDPFLIGSSKQMRHQSESQGVGLSDKELVSDDEERGTGLEENNQEEQSMDSNLGEAASGCESETSVSEDCSGLSSQSDILTTQQRDTMQHNLIKLQQEMAELEAVLEQHGSQPSNSYPSIISDSSALEDLRNPEQSTSEKAVLTSQKSSEYPISQNPEGLSADKFEVSADSSTSKNKEPGVERSSPSKCPSLDDRWYMHSCSGSLQNRNYPSQEELIKVVDVEEQQLEESGPHDLTETSYLPRQDLEGTPYLESGISLFSDDPESDPSEDRAPESARVGNIPSSTSALKVPQLKVAESAQSPAAAHTTDTAGYNAMEESVSREKPELTASTERVNKRMSMVVSGLTPEEFMLVYKFARKHHITLTNLITEETTHVVMKTDAEFVCERTLKYFLGIAGGKWVVSYFWVTQSIKERKMLNEHDFEVRGDVVNGRNHQGPKRARESQDRKIFRGLEICCYGPFTNMPTDQLEWMVQLCGASVVKELSSFTLGTGVHPIVVVQPDAWTEDNGFHAIGQMCEAPVVTREWVLDSVALYQCQELDTYLIPQIPHSHY,1863,FALSE,1837,1837,0,-1,manual,Findlay,Accurate classification of BRCA1 variants with saturation genome editing,2018,10.1038/s41586-018-0461-z,1-1855,BRCA1,Homo sapiens,Growth,Growth,BRCA1_HUMAN_full_11-26-2021_b02.a2m,1,1863,1863,0.2,0.2,1008,0.769,1432,108.4,0.07569832402,low,0,0,BRCA1_HUMAN_Findlay_2018.csv,function_score,1,mutant,BRCA1_HUMAN_theta_0.2.npy
C6KNH7_9INFA_Lee_2018,C6KNH7_9INFA_Lee_2018.csv,C6KNH7_9INFA,Virus,MKTIIALSYILCLVFAQKLPGNDNSTATLCLGHHAVPNGTIVKTITNDQIEVTNATELVQSSSTGEICDSPHQILDGKNCTLIDALLGDPQCDDFQNKKWDLFVERSKAYSNCYPYDVPDYASLRSLVASSGTLEFNNESFNWTGVTQNGTSSACIRRSKNSFFSRLNWLTHLNFKYPALNVTMPNNEQFDKLYIWGVLHPGTDKDQIFLYAQASGRITVSTKRSQQIVSPNIGSRPRVRNIPSRISIYWTIVKPGDILLINSTGNLIAPRGYFKIRSGKSSIMRSDAPIGKCNSECITPNGSIPNDKPFQNVNRITYGACPRYVKQNTLKLATGMRNVPEKQTRGIFGAIAGFIENGWEGMVDGWYGFRHQNSEGRGQAADLKSTQAAIDQINGKLNRLIGKTNEKFHQIEKEFSEVEGRIQDLEKYVEDTKIDLWSYNAELLVALENQHTIDLTDSEMNKLFEKTKKQLRENAEDMGNGCFKIYHKCDNACIGSIRNGTYDHDVYRDEALNNRFQIKGVELKSGYKDWILWISFAISCFLLCVALLGFIMWACQKGNIRCNICI,566,FALSE,10754,10754,0,-1.720276237,median,Lee,Deep mutational scanning of hemagglutinin helps predict evolutionary fates of human H3N2 influenza variants,2018,10.1073/pnas.1806133115,1-566,HA,Influenza A virus (A/Perth/16/2009(H3N2)),Viral replication,Growth,C6KNH7_9INFA_theta0.99_full_11-26-2021_b09.a2m,1,566,566,0.9,0.01,57453,0.977,553,10569.8,19.11356239,medium,964,1.743218807,C6KNH7_9INFA_Lee_2018.csv,log_fitness_by_syn_mut_fitness,1,mutant,C6KNH7_9INFA_theta_0.01.npy
CALM1_HUMAN_Weile_2017,CALM1_HUMAN_Weile_2017.csv,CALM1_HUMAN,Human,MADQLTEEQIAEFKEAFSLFDKDGDGTITTKELGTVMRSLGQNPTEAELQDMINEVDADGNGTIDFPEFLTMMARKMKDTDSEEEIREAFRVFDKDGNGYISAAELRHVMTNLGEKLTDEEVDEMIREADIDGDGQVNYEEFVQMMTAK,149,FALSE,1813,1813,0,0.872790117,median,Weile,A framework for exhaustively mapping functional missense variants,2017,10.15252/msb.20177908,1-149,CALM1,Homo sapiens,Yeast growth,complementation,CALM1_HUMAN_full_11-26-2021_b03.a2m,1,149,149,0.3,0.2,177633,0.893,133,28985.1,217.9330827,high,96,0.7218045113,CALM1_HUMAN_Weile_2017.csv,screenscore,1,mutant,CALM1_HUMAN_theta_0.2.npy
CAPSD_AAV2S_Sinai_substitutions_2021,CAPSD_AAV2S_Sinai_substitutions_2021.csv,CAPSD_AAV2S,Virus,MAADGYLPDWLEDTLSEGIRQWWKLKPGPPPPKPAERHKDDSRGLVLPGYKYLGPFNGLDKGEPVNEADAAALEHDKAYDRQLDSGDNPYLKYNHADAEFQERLKEDTSFGGNLGRAVFQAKKRVLEPLGLVEEPVKTAPGKKRPVEHSPVEPDSSSGTGKAGQQPARKRLNFGQTGDADSVPDPQPLGQPPAAPSGLGTNTMATGSGAPMADNNEGADGVGNSSGNWHCDSTWMGDRVITTSTRTWALPTYNNHLYKQISSQSGASNDNHYFGYSTPWGYFDFNRFHCHFSPRDWQRLINNNWGFRPKRLNFKLFNIQVKEVTQNDGTTTIANNLTSTVQVFTDSEYQLPYVLGSAHQGCLPPFPADVFMVPQYGYLTLNNGSQAVGRSSFYCLEYFPSQMLRTGNNFTFSYTFEDVPFHSSYAHSQSLDRLMNPLIDQYLYYLSRTNTPSGTTTQSRLQFSQAGASDIRDQSRNWLPGPCYRQQRVSKTSADNNNSEYSWTGATKYHLNGRDSLVNPGPAMASHKDDEEKFFPQSGVLIFGKQGSEKTNVDIEKVMITDEEEIRTTNPVATEQYGSVSTNLQRGNRQAATADVNTQGVLPGMVWQDRDVYLQGPIWAKIPHTDGHFHPSPLMGGFGLKHPPPQILIKNTPVPANPSTTFSAAKFASFITQYSTGQVSVEIEWELQKENSKRWNPEIQYTSNYNKSVNVDFTVDTNGVYSEPRPIGTRYLTRNL,735,TRUE,42328,532,41796,-1.2,manual,Sinai,Generative AAV capsid diversification by latent interpolation,2021,10.1101/2021.04.16.440236,560-588,AAV,Adeno-associated virus 2,viability for AAV capsid production,,CAPSD_AAV2S_uniprot_t099_msc70_mcc70_b0.8.a2m,1,735,735,0.8,0.01,604,0.782,575,213.8,0.371826087,low,1943,3.379130435,CAPSD_AAV2S_Sinai_substitutions_2021.csv,viral_selection,1,mutant,CAPSD_AAV2S_theta_0.01.npy
CCDB_ECOLI_Adkar_2012,CCDB_ECOLI_Adkar_2012.csv,CCDB_ECOLI,Prokaryote,MQFKVYTYKRESRYRLFVDVQSDIIDTPGRRMVIPLASARLLSDKVSRELYPVVHIGDESWRMMTTDMASVPVSVIGEEVADLSHRENDIKNAINLMFWGI,101,FALSE,1176,1176,0,-19,median,Adkar,Protein model discrimination using mutational sensitivity derived from deep sequencing,2012,10.1016/j.str.2011.11.021,2-101,CcdB,Escherichia coli,Protein toxicity (negative effect on cell growth),toxin activity,CCDB_ECOLI_full_11-26-2021_b02.a2m,1,101,101,0.2,0.2,43564,0.851,86,16821.5,195.5988372,high,61,0.7093023256,CCDB_ECOLI_Adkar_2012.csv,score,-1,mutant,CCDB_ECOLI_theta_0.2.npy
CCDB_ECOLI_Tripathi_2016,CCDB_ECOLI_Tripathi_2016.csv,CCDB_ECOLI,Prokaryote,MQFKVYTYKRESRYRLFVDVQSDIIDTPGRRMVIPLASARLLSDKVSRELYPVVHIGDESWRMMTTDMASVPVSVIGEEVADLSHRENDIKNAINLMFWGI,101,FALSE,1663,1663,0,-3.5,manual,Tripathi,"Molecular Determinants of Mutant Phenotypes, Inferred from Saturation Mutagenesis Data",2016,10.1093/molbev/msw182,2-101,ccdB,Escherichia coli,growth (surrogate for toxicity/activity of CCDB),Growth,CCDB_ECOLI_full_11-26-2021_b02.a2m,1,101,101,0.2,0.2,43564,0.851,86,16821.5,195.5988372,high,61,0.7093023256,CCDB_ECOLI_Tripathi_2016.csv,score,-1,mutant,CCDB_ECOLI_theta_0.2.npy
CP2C9_HUMAN_Amorosi_abundance_2021,CP2C9_HUMAN_Amorosi_abundance_2021.csv,CP2C9_HUMAN,Human,MDSLVVLVLCLSCLLLLSLWRQSSGRGKLPPGPTPLPVIGNILQIGIKDISKSLTNLSKVYGPVFTLYFGLKPIVVLHGYEAVKEALIDLGEEFSGRGIFPLAERANRGFGIVFSNGKKWKEIRRFSLMTLRNFGMGKRSIEDRVQEEARCLVEELRKTKASPCDPTFILGCAPCNVICSIIFHKRFDYKDQQFLNLMEKLNENIKILSSPWIQICNNFSPIIDYFPGTHNKLLKNVAFMKSYILEKVKEHQESMDMNNPQDFIDCFLMKMEKEKHNQPSEFTIESLENTAVDLFGAGTETTSTTLRYALLLLLKHPEVTAKVQEEIERVIGRNRSPCMQDRSHMPYTDAVVHEVQRYIDLLPTSLPHAVTCDIKFRNYLIPKGTTILISLTSVLHDNKEFPNPEMFDPHHFLDEGGNFKKSKYFMPFSAGKRICVGEALAGMELFLFLTSILQNFNLKSLVDPKNLDTTPVVNGFASVPPFYQLCFIPV,490,FALSE,6370,6370,0,0.7723244345,median,Amorosi,Massively parallel characterization of CYP2C9 variant enzyme activity and abundance,2021,10.1016/j.ajhg.2021.07.001,1-490,CP2C9,Homo sapiens,"Growth, activity","Growth, activity",CP2C9_HUMAN_full_11-26-2021_b04.a2m,1,490,490,0.4,0.2,264279,0.886,434,81212.1,187.1246544,high,1092,2.516129032,CP2C9_HUMAN_Amorosi_2021.csv,abundance_score,1,variant,CP2C9_HUMAN_theta_0.2.npy
CP2C9_HUMAN_Amorosi_activity_2021,CP2C9_HUMAN_Amorosi_activity_2021.csv,CP2C9_HUMAN,Human,MDSLVVLVLCLSCLLLLSLWRQSSGRGKLPPGPTPLPVIGNILQIGIKDISKSLTNLSKVYGPVFTLYFGLKPIVVLHGYEAVKEALIDLGEEFSGRGIFPLAERANRGFGIVFSNGKKWKEIRRFSLMTLRNFGMGKRSIEDRVQEEARCLVEELRKTKASPCDPTFILGCAPCNVICSIIFHKRFDYKDQQFLNLMEKLNENIKILSSPWIQICNNFSPIIDYFPGTHNKLLKNVAFMKSYILEKVKEHQESMDMNNPQDFIDCFLMKMEKEKHNQPSEFTIESLENTAVDLFGAGTETTSTTLRYALLLLLKHPEVTAKVQEEIERVIGRNRSPCMQDRSHMPYTDAVVHEVQRYIDLLPTSLPHAVTCDIKFRNYLIPKGTTILISLTSVLHDNKEFPNPEMFDPHHFLDEGGNFKKSKYFMPFSAGKRICVGEALAGMELFLFLTSILQNFNLKSLVDPKNLDTTPVVNGFASVPPFYQLCFIPV,490,FALSE,6142,6142,0,0.5476104185,median,Amorosi,Massively parallel characterization of CYP2C9 variant enzyme activity and abundance,2021,10.1016/j.ajhg.2021.07.001,1-490,CP2C9,Homo sapiens,"Growth, activity","Growth, activity",CP2C9_HUMAN_full_11-26-2021_b04.a2m,1,490,490,0.4,0.2,264279,0.886,434,81212.1,187.1246544,high,1092,2.516129032,CP2C9_HUMAN_Amorosi_2021.csv,activity_score,1,variant,CP2C9_HUMAN_theta_0.2.npy
DLG4_HUMAN_Faure_2021,DLG4_HUMAN_Faure_2021.csv,DLG4_HUMAN,Human,MDCLCIVTTKKYRYQDEDTPPLEHSPAHLPNQANSPPVIVNTDTLEAPGYELQVNGTEGEMEYEEITLERGNSGLGFSIAGGTDNPHIGDDPSIFITKIIPGGAAAQDGRLRVNDSILFVNEVDVREVTHSAAVEALKEAGSIVRLYVMRRKPPAEKVMEIKLIKGPKGLGFSIAGGVGNQHIPGDNSIYVTKIIEGGAAHKDGRLQIGDKILAVNSVGLEDVMHEDAVAALKNTYDVVYLKVAKPSNAYLSDSYAPPDITTSYSQHLDNEISHSSYLGTDYPTAMTPTSPRRYSPVAKDLLGEEDIPREPRRIVIHRGSTGLGFNIVGGEDGEGIFISFILAGGPADLSGELRKGDQILSVNGVDLRNASHEQAAIALKNAGQTVTIIAQYKPEEYSRFEAKIHDLREQLMNSSLGSGTASLRSNPKRGFYIRALFDYDKTKDCGFLSQALSFRFGDVLHVIDASDEEWWQARRVHSDSETDDIGFIPSKRRVERREWSRLKAKDWGSSSGSQGREDSVLSYETVTQMEVHYARPIIILGPTKDRANDDLLSEFPDKFGSCVPHTTRPKREYEIDGRDYHFVSSREKMEKDIQAHKFIEAGQYNSHLYGTSVQSVREVAEQGKHCILDVSANAVRRLQAAHLHPIAIFIRPRSLENVLEINKRITEEQARKAFDRATKLEQEFTECFSAIVEGDSFEEIYHKVKRVIEDLSGPYIWVPARERL,724,TRUE,6976,1280,5696,-0.5602585328,median,Faure,Mapping the energetic and allosteric landscapes of protein binding domains,2022,10.1038/s41586-022-04586-4,311-394,PSD95-PDZ3,Homo sapiens,Yeast growth,Growth,DLG4_HUMAN_full_11-26-2021_b02.a2m,1,724,724,0.2,0.2,25338,0.825,597,354.3,0.5934673367,low,7,0.01172529313,DLG4_HUMAN_Faure_2021.csv,fitness,1,mutant,DLG4_HUMAN_theta_0.2.npy
DLG4_RAT_McLaughlin_2012,DLG4_RAT_McLaughlin_2012.csv,DLG4_RAT,Eukaryote,MDCLCIVTTKKYRYQDEDTPPLEHSPAHLPNQANSPPVIVNTDTLEAPGYELQVNGTEGEMEYEEITLERGNSGLGFSIAGGTDNPHIGDDPSIFITKIIPGGAAAQDGRLRVNDSILFVNEVDVREVTHSAAVEALKEAGSIVRLYVMRRKPPAEKVMEIKLIKGPKGLGFSIAGGVGNQHIPGDNSIYVTKIIEGGAAHKDGRLQIGDKILAVNSVGLEDVMHEDAVAALKNTYDVVYLKVAKPSNAYLSDSYAPPDITTSYSQHLDNEISHSSYLGTDYPTAMTPTSPRRYSPVAKDLLGEEDIPREPRRIVIHRGSTGLGFNIVGGEDGEGIFISFILAGGPADLSGELRKGDQILSVNGVDLRNASHEQAAIALKNAGQTVTIIAQYKPEEYSRFEAKIHDLREQLMNSSLGSGTASLRSNPKRGFYIRALFDYDKTKDCGFLSQALSFRFGDVLHVIDAGDEEWWQARRVHSDSETDDIGFIPSKRRVERREWSRLKAKDWGSSSGSQGREDSVLSYETVTQMEVHYARPIIILGPTKDRANDDLLSEFPDKFGSCVPHTTRPKREYEIDGRDYHFVSSREKMEKDIQAHKFIEAGQYNSHLYGTSVQSVREVAEQGKHCILDVSANAVRRLQAAHLHPIAIFIRPRSLENVLEINKRITEEQARKAFDRATKLEQEFTECFSAIVEGDSFEEIYHKVKRVIEDLSGPYIWVPARERL,724,FALSE,1576,1576,0,-0.25,manual,McLaughlin,The spatial architecture of protein function and adaptation,2012,10.1038/nature11500,311-393,"Dlg4, (PSD95_PDZ3)",Rattus norvegicus,peptide binding - natural ligand,Binding,DLG4_RAT_full_11-26-2021_b03.a2m,1,724,724,0.3,0.2,24705,0.841,609,283.9,0.4661740558,low,6,0.009852216749,DLG4_RAT_McLaughlin_2012.csv,CRIPT,1,mutant,DLG4_RAT_theta_0.2.npy
DYR_ECOLI_Thompson_plusLon_2019,DYR_ECOLI_Thompson_plusLon_2019.csv,DYR_ECOLI,Prokaryote,MISLIAALAVDRVIGMENAMPWNLPADLAWFKRNTLNKPVIMGRHTWESIGRPLPGRKNIILSSQPGTDDRVTWVKSVDEAIAACGDVPEIMVIGGGRVYEQFLPKAQKLYLTHIDAEVEGDTHFPDYEPDDWESVFSEFHDADAQNSHSYCFEILERR,159,FALSE,2363,2363,0,-0.5,manual,Thompson,Altered expression of a quality control protease in E. coli reshapes the in vivo mutational landscape of a model enzyme,2019,10.7554/eLife.53476,1-159,folA,Escherichia coli,"growth (turbidostat; -Lon for natural absence of Lon protease in E. coli, +Lon for exogenous protease)",Growth,DYR_ECOLI_full_11-26-2021_b08.a2m,1,159,159,0.8,0.2,41921,0.981,156,12203.2,78.22564103,medium,265,1.698717949,DYR_ECOLI_Thompson_plusLon_2019.csv,PlusLon_selection_coefficient,1,mutant,DYR_ECOLI_theta_0.2.npy
ENV_HV1B9_DuenasDecamp_2016,ENV_HV1B9_DuenasDecamp_2016.csv,ENV_HV1B9,Virus,MRVKEIRKNWQHLRGGILLLGMLMICSAAKEKTWVTIYYGVPVWREATTTLFCASDAKAYDTEVHNVWATHACVPTDPNPQEVVLGNVTENFNMWKNNMVDQMHEDIISLWDESLKPCVKLTPLCVTLNCTNLNITKNTTNPTSSSWGMMEKGEIKNCSFYITTSIRNKVKKEYALFNRLDVVPIENTNNTKYRLISCNTSVITQACPKVSFQPIPIHYCVPAGFAMLKCNNKTFNGSGPCTNVSTVQCTHGIRPVVSTQLLLNGSLAEEDIVIRSENFTDNAKTIIVQLNESVVINCTRPNNNTRRRLSIGPGRAFYARRNIIGDIRQAHCNISRAKWNNTLQQIVIKLREKFRNKTIAFNQPSGGDPEIVRHSFNCGGEFFYCNTAQLFNSTWNVTGGTNGTEGNDIITLQCRIKQIINMWQKVGKAMYAPPITGQIRCSSNITGLLLTRDGGNSTETETEIFRPGGGDMRDNWRSELYKYKVVRIEPIGVAPTRAKRRTVQREKRAVGIGAVFLGFLGAAGSTMGAASVTLTVQARLLLSGIVQQQNNLLRAIEAQQHMLQLTVWGIKQLQARVLALERYLRDQQLMGIWGCSGKLICTTSVPWNVSWSNKSVDDIWNNMTWMEWEREIDNYTDYIYDLLEKSQTQQEKNEKELLELDKWASLWNWFDITNWLWYIRLFIMIVGGLIGLRIVFAVLSIVNRVRQGYSPLSFQTLLPASRGPDRPEGTEEEGGERDRDRSGPLVNGFLALFWVDLRNLCLFLYHLLRNLLLIVTRIVELLGRRGWEALKYWWNLLQYWSQELKNSAVSLLNATAIAVAEGTDRVIKIVQRACRAIRNIPTRIRQGLERALL,853,FALSE,375,375,0,-0.8,manual,Duenas-Decamp,Saturation Mutagenesis of the HIV-1 Envelope CD4 Binding Loop Reveals Residues Controlling Distinct Trimer Conformations,2016,10.1371/journal.ppat.1005988,361-380,env,Human immunodeficiency virus type 1 group M subtype B (strain 89.6) (HIV-1),Viral replication,Growth,ENV_HV1B9_S364P-M373R_b0.3.a2m,1,853,853,0.3,0.01,87271,0.989,844,11807.8,13.99028436,medium,947,1.122037915,ENV_HV1B9_DuenasDecamp_2016.csv,Fitness_Effect,1,mutant,ENV_HV1B9_theta_0.01.npy
ENV_HV1BR_Haddox_2016,ENV_HV1BR_Haddox_2016.csv,ENV_HV1BR,Virus,MRVKEKYQHLWRWGWKWGTMLLGILMICSATEKLWVTVYYGVPVWKEATTTLFCASDAKAYDTEVHNVWATHACVPTDPNPQEVVLVNVTENFNMWKNDMVEQMHEDIISLWDQSLKPCVKLTPLCVSLKCTDLGNATNTNSSNTNSSSGEMMMEKGEIKNCSFNISTSIRGKVQKEYAFFYKLDIIPIDNDTTSYTLTSCNTSVITQACPKVSFEPIPIHYCAPAGFAILKCNNKTFNGTGPCTNVSTVQCTHGIRPVVSTQLLLNGSLAEEEVVIRSANFTDNAKTIIVQLNQSVEINCTRPNNNTRKSIRIQRGPGRAFVTIGKIGNMRQAHCNISRAKWNATLKQIASKLREQFGNNKTIIFKQSSGGDPEIVTHSFNCGGEFFYCNSTQLFNSTWFNSTWSTEGSNNTEGSDTITLPCRIKQFINMWQEVGKAMYAPPISGQIRCSSNITGLLLTRDGGNNNNGSEIFRPGGGDMRDNWRSELYKYKVVKIEPLGVAPTKAKRRVVQREKRAVGIGALFLGFLGAAGSTMGAASMTLTVQARQLLSGIVQQQNNLLRAIEAQQHLLQLTVWGIKQLQARILAVERYLKDQQLLGIWGCSGKLICTTAVPWNASWSNKSLEQIWNNMTWMEWDREINNYTSLIHSLIEESQNQQEKNEQELLELDKWASLWNWFNITNWLWYIKIFIMIVGGLVGLRIVFAVLSIVNRVRQGYSPLSFQTHLPTPRGPDRPEGIEEEGGERDRDRSIRLVNGSLALIWDDLRSLCLFSYHRLRDLLLIVTRIVELLGRRGWEALKYWWNLLQYWSQELKNSAVSLLNATAIAVAEGTDRVIEVVQGACRAIRHIPRRIRQGLERILL,861,FALSE,12863,12863,0,0.0191127558,median,Haddox,Experimental Estimation of the Effects of All Amino-Acid Mutations to HIV‚Äôs Envelope Protein on Viral Replication in Cell Culture,2016,10.1371/journal.ppat.1006114,31-702,env,Human immunodeficiency virus type 1 group M subtype B (isolate BRU/LAI) (HIV-1),Viral replication,Growth,ENV_HV1BR_theta0.99_full_11-26-2021_b09.a2m,1,861,861,0.9,0.01,74844,0.98,844,36809.8,43.61350711,medium,2359,2.795023697,ENV_HV1BR_Haddox_2016.csv,score,1,mutant,ENV_HV1BR_theta_0.01.npy
ESTA_BACSU_Nutschel_2020,ESTA_BACSU_Nutschel_2020.csv,ESTA_BACSU,Prokaryote,MKFVKRRIIALVTILMLSVTSLFALQPSAKAAEHNPVVMVHGIGGASFNFAGIKSYLVSQGWSRDKLYAVDFWDKTGTNYNNGPVLSRFVQKVLDETGAKKVDIVAHSMGGANTLYYIKNLDGGNKVANVVTLGGANRLTTGKALPGTDPNQKILYTSIYSSADMIVMNYLSRLDGARNVQIHGVGHIGLLYSSQVNSLIKEGLNGGGQNTN,212,FALSE,2172,2172,0,46.34,median,Nutschel,Systematically Scrutinizing the Impact of Substitution Sites on Thermostability and Detergent Tolerance for Bacillus subtilis Lipase A,2020,10.1021/acs.jcim.9b00954,32-205,estA,Bacillus subtilis,thermostability,thermostability,ESTA_BACSU_full_11-26-2021_b03.a2m,1,212,212,0.3,0.2,234310,0.774,164,64492.5,393.2469512,high,292,1.780487805,ESTA_BACSU_Nutschel_2020.csv,T50,1,Variants of BsLipA,ESTA_BACSU_theta_0.2.npy
F7YBW8_MESOW_Aakre_2015,F7YBW8_MESOW_Aakre_2015.csv,F7YBW8_MESOW,Prokaryote,MANVEKMSVAVTPQQAAVMREAVEAGEYATASEIVREAVRDWLAKRELRHDDIRRLRQLWDEGKASGRPEPVDFDALRKEARQKLTEVPPNGR,93,TRUE,9192,37,9155,-0.001724,median,Aakre,Evolving New Protein-Protein Interaction Specificity through Promiscuous Intermediates,2015,10.1016/j.cell.2015.09.055,59-64,Mesop_5599,Mesorhizobium opportunistum (strain LMG 24607 / HAMBI 3007 / WSM2075),fitness,Growth (antitoxin neutralization of ParE3),F7YBW8_MESOW_full_01-07-2022_b02.a2m,1,93,93,0.2,0.2,38613,0.774,72,16262.4,225.8666667,high,31,0.4305555556,F7YBW8_MESOW_Aakre_2015.csv,fitness,1,mutant,F7YBW8_MESOW_theta_0.2.npy
GAL4_YEAST_Kitzman_2015,GAL4_YEAST_Kitzman_2015.csv,GAL4_YEAST,Eukaryote,MKLLSSIEQACDICRLKKLKCSKEKPKCAKCLKNNWECRYSPKTKRSPLTRAHLTEVESRLERLEQLFLLIFPREDLDMILKMDSLQDIKALLTGLFVQDNVNKDAVTDRLASVETDMPLTLRQHRISATSSSEESSNKGQRQLTVSIDSAAHHDNSTIPLDFMPRDALHGFDWSEEDDMSDGLPFLKTDPNNNGFFGDGSLLCILRSIGFKPENYTNSNVNRLPTMITDRYTLASRSTTSRLLQSYLNNFHPYCPIVHSPTLMMLYNNQIEIASKDQWQILFNCILAIGAWCIEGESTDIDVFYYQNAKSHLTSKVFESGSIILVTALHLLSRYTQWRQKTNTSYNFHSFSIRMAISLGLNRDLPSSFSDSSILEQRRRIWWSVYSWEIQLSLLYGRSIQLSQNTISFPSSVDDVQRTTTGPTIYHGIIETARLLQVFTKIYELDKTVTAEKSPICAKKCLMICNEIEEVSRQAPKFLQMDISTTALTNLLKEHPWLSFTRFELKWKQLSLIIYVLRDFFTNFTQKKSQLEQDQNDHQSYEVKRCSIMLSDAAQRTVMSVSSYMDNHNVTPYFAWNCSYYLFNAVLVPIKTLLSNSKSNAENNETAQLLQQINTVLMLLKKLATFKIQTCEKYIQVLEEVCAPFLLSQCAIPLPHISYNNSNGSAIKNIVGSATIAQYPTLPEENVNNISVKYVSPGSVGPSPVPLKSGASFSDLVKLLSNRPPSRNSPVTIPRSTPSHRSVTPFLGQQQQLQSLVPLTPSALFGGANFNQSGNIADSSLSFTFTNSSNGPNLITTQTNSQALSQPIASSNVHDNFMNNEITASKIDDGNNSKPLSPGWTDQTAYNAFGITTGMFNTTTMDDVYNYLFDDEDTPPNPKKE,881,FALSE,1195,1195,0,-8,manual,Kitzman,Massively parallel single-amino-acid mutagenesis,2015,10.1038/nmeth.3223,2-65,GAL4,Saccharomyces cerevisiae S288C,"Growth (no selection, 24h)",Growth,GAL4_YEAST_full_11-26-2021_b02.a2m,1,881,881,0.2,0.2,16159,0.707,623,7942.3,12.74847512,medium,163,0.2616372392,GAL4_YEAST_Kitzman_2015.csv,SEL_C_64h,1,mutant,GAL4_YEAST_theta_0.2.npy
GCN4_YEAST_Staller_induction_2018,GCN4_YEAST_Staller_induction_2018.csv,GCN4_YEAST,Eukaryote,MSEYQPSLFALNPMGFSPLDGSKSTNENVSASTSTAKPMVGQLIFDKFIKTEEDPIIKQDTPSNLDFDFALPQTATAPDAKTVLPIPELDDAVVESFFSSSTDSTPMFEYENLEDNSKEWTSLFDNDIPVTTDDVSLADKAIESTEEVSLVPSNLEVSTTSFLPTPVLEDAKLTQTRKVKKPNSVVKKSHHVGKDDESRLDHLGVVAYNRKQRSIPLSPIVPESSDPAALKRARNTEAARRSRARKLQRMKQLEDKVEELLSKNYHLENEVARLKKLVGER,281,TRUE,2638,33,2605,1.293757864,median,Staller,A High-Throughput Mutational Scan of an Intrinsically Disordered Acidic Transcriptional Activation Domain,2018,10.1016/j.cels.2018.01.015,101-144,Gcn4,Saccharomyces cerevisiae,Binding,FACS,GCN4_YEAST_full_24-02-2022_b03.a2m,1,281,281,0.3,0.2,350,0.719,202,177.9,0.8806930693,low,1,0.00495049505,GCN4_YEAST_Staller_2018.csv,Induction,1,mutant,GCN4_YEAST_theta_0.2.npy
GFP_AEQVI_Sarkisyan_2016,GFP_AEQVI_Sarkisyan_2016.csv,GFP_AEQVI,Eukaryote,MSKGEELFTGVVPILVELDGDVNGHKFSVSGEGEGDATYGKLTLKFICTTGKLPVPWPTLVTTLSYGVQCFSRYPDHMKQHDFFKSAMPEGYVQERTIFFKDDGNYKTRAEVKFEGDTLVNRIELKGIDFKEDGNILGHKLEYNYNSHNVYIMADKQKNGIKVNFKIRHNIEDGSVQLADHYQQNTPIGDGPVLLPDNHYLSTQSALSKDPNEKRDHMVLLEFVTAAGITHGMDELYK,238,TRUE,51714,1084,50630,2.5,manual,Sarkisyan,Local fitness landscape of the green fluorescent protein,2016,10.1038/nature17995,3-237,GFP,Aequorea victoria,Fluorescence,FACS,GFP_AEQVI_full_04-29-2022_b08.a2m,1,238,238,0.8,0.2,396,0.975,232,14.9,0.06422413793,low,0,0,GFP_AEQVI_Sarkisyan_2016.csv,mean_medianBrightness_per_aaseq,1,mutant,GFP_AEQVI_theta_0.2.npy
GRB2_HUMAN_Faure_2021,GRB2_HUMAN_Faure_2021.csv,GRB2_HUMAN,Human,MEAIAKYDFKATADDELSFKRGDILKVLNEECDQNWYKAELNGKDGFIPKNYIEMKPHPWFFGKIPRAKAEEMLSKQRHDGAFLIRESESAPGDFSLSVKFGNDVQHFKVLRDGAGKYFLWVVKFNSLNELVDYHRSTSVSRNQQIFLRDIEQVPQQPTYVQALFDFDPQEDGELGFRRGDFIHVMDNSDPNWWKGACHGQTGMFPRNYVTPVNRNV,217,TRUE,63366,1034,62332,-0.7,manual,Faure,Mapping the energetic and allosteric landscapes of protein binding domains,2022,10.1038/s41586-022-04586-4,159-214,GRB2-SH3,Homo sapiens,Yeast growth,Growth,GRB2_HUMAN_full_11-26-2021_b05.a2m,1,217,217,0.5,0.2,33228,0.816,177,1485.9,8.394915254,medium,42,0.2372881356,GRB2_HUMAN_Faure_2021.csv,fitness,1,mutant,GRB2_HUMAN_theta_0.2.npy
HIS7_YEAST_Pokusaeva_2019,HIS7_YEAST_Pokusaeva_2019.csv,HIS7_YEAST,Eukaryote,MTEQKALVKRITNETKIQIAISLKGGPLAIEHSIFPEKEAEAVAEQATQSQVINVHTGIGFLDHMIHALAKHSGWSLIVECIGDLHIDDHHTTEDCGIALGQAFKEALGAVRGVKRFGSGFAPLDEALSRAVVDLSNRPYAVVELGLQREKVGDLSCEMIPHFLESFAEASRITLHVDCLRGKNDHHRSESAFKALAVAIREATSPNGTNDVPSTKGVLM,220,TRUE,496137,168,495969,0.3,manual,Pokusaeva,An experimental assay of the interactions of amino acids from orthologous sequences shaping a complex fitness landscape,2019,10.1371/journal.pgen.1008079,6-211,HIS3,Saccharomyces cerevisiae,Growth,Growth,HIS7_YEAST_full_11-26-2021_b09.a2m,1,220,220,0.9,0.2,40154,0.873,192,5191.3,27.03802083,medium,318,1.65625,HIS7_YEAST_Pokusaeva_2019.csv,selection,1,mutant,HIS7_YEAST_theta_0.2.npy
HSP82_YEAST_Flynn_2019,HSP82_YEAST_Flynn_2019.csv,HSP82_YEAST,Eukaryote,MASETFEFQAEITQLMSLIINTVYSNKEIFLRELISNASDALDKIRYKSLSDPKQLETEPDLFIRITPKPEQKVLEIRDSGIGMTKAELINNLGTIAKSGTKAFMEALSAGADVSMIGQFGVGFYSLFLVADRVQVISKSNDDEQYIWESNAGGSFTVTLDEVNERIGRGTILRLFLKDDQLEYLEEKRIKEVIKRHSEFVAYPIQLVVTKEVEKEVPIPEEEKKDEEKKDEEKKDEDDKKPKLEEVDEEEEKKPKTKKVKEEVQEIEELNKTKPLWTRNPSDITQEEYNAFYKSISNDWEDPLYVKHFSVEGQLEFRAILFIPKRAPFDLFESKKKKNNIKLYVRRVFITDEAEDLIPEWLSFVKGVVDSEDLPLNLSREMLQQNKIMKVIRKNIVKKLIEAFNEIAEDSEQFEKFYSAFSKNIKLGVHEDTQNRAALAKLLRYNSTKSVDELTSLTDYVTRMPEHQKNIYYITGESLKAVEKSPFLDALKAKNFEVLFLTDPIDEYAFTQLKEFEGKTLVDITKDFELEETDEEKAEREKEIKEYEPLTKALKEILGDQVEKVVVSYKLLDAPAAIRTGQFGWSANMERIMKAQALRDSSMSSYMSSKKTFEISPKSPIIKELKKRVDEGGAQDKTVKDLTKLLYETALLTSGFSLDEPTSFASRINRLISLGLNIDEDEETETAPEASTAAPVEEVPADTEMEEVD,709,FALSE,13194,13194,0,-0.3,manual,Flynn,Comprehensive fitness maps of Hsp90 show widespread environmental dependence,2019,10.7554/eLife.53810,2-709,HSP82,Saccharomyces cerevisiae,"growth, nitrogen depletion (0.0125% ammonium sulfate), hyperosmotic shock (0.8 M NaCl), alcohol stress (7.5% ethanol), sulfhydryl-oxidation (0.85 mM diamide), temperature shock (37C)",,HSP82_YEAST_full_11-26-2021_b01.a2m,1,709,709,0.1,0.2,38923,0.862,611,3684.8,6.030769231,medium,433,0.7086743044,HSP82_YEAST_Flynn_2019.csv,avg_s,1,mutant,HSP82_YEAST_theta_0.2.npy
HSP82_YEAST_Mishra_2016,HSP82_YEAST_Mishra_2016.csv,HSP82_YEAST,Eukaryote,MASETFEFQAEITQLMSLIINTVYSNKEIFLRELISNASDALDKIRYKSLSDPKQLETEPDLFIRITPKPEQKVLEIRDSGIGMTKAELINNLGTIAKSGTKAFMEALSAGADVSMIGQFGVGFYSLFLVADRVQVISKSNDDEQYIWESNAGGSFTVTLDEVNERIGRGTILRLFLKDDQLEYLEEKRIKEVIKRHSEFVAYPIQLVVTKEVEKEVPIPEEEKKDEEKKDEEKKDEDDKKPKLEEVDEEEEKKPKTKKVKEEVQEIEELNKTKPLWTRNPSDITQEEYNAFYKSISNDWEDPLYVKHFSVEGQLEFRAILFIPKRAPFDLFESKKKKNNIKLYVRRVFITDEAEDLIPEWLSFVKGVVDSEDLPLNLSREMLQQNKIMKVIRKNIVKKLIEAFNEIAEDSEQFEKFYSAFSKNIKLGVHEDTQNRAALAKLLRYNSTKSVDELTSLTDYVTRMPEHQKNIYYITGESLKAVEKSPFLDALKAKNFEVLFLTDPIDEYAFTQLKEFEGKTLVDITKDFELEETDEEKAEREKEIKEYEPLTKALKEILGDQVEKVVVSYKLLDAPAAIRTGQFGWSANMERIMKAQALRDSSMSSYMSSKKTFEISPKSPIIKELKKRVDEGGAQDKTVKDLTKLLYETALLTSGFSLDEPTSFASRINRLISLGLNIDEDEETETAPEASTAAPVEEVPADTEMEEVD,709,FALSE,4323,4323,0,-0.4,manual,Mishra,Systematic Mutant Analyses Elucidate General and Client-Specific Aspects of Hsp90 Function,2016,10.1016/j.celrep.2016.03.046,2-231,HSP82,Saccharomyces cerevisiae S288C,Growth,Growth,HSP82_YEAST_full_11-26-2021_b01.a2m,1,709,709,0.1,0.2,38923,0.862,611,3684.8,6.030769231,medium,433,0.7086743044,HSP82_YEAST_Mishra_2016.csv,selection_coefficient,1,mutant,HSP82_YEAST_theta_0.2.npy
I6TAH8_I68A0_Doud_2015,I6TAH8_I68A0_Doud_2015.csv,I6TAH8_I68A0,Virus,MASQGTKRSYEQMETDGERQNATEIRASVGKMIDGIGRFYIQMCTELKLSDYEGRLIQNSLTIERMVLSAFDERRNKYLEEHPSAGKDPKKTGGPIYKRVDRKWMRELVLYDKEEIRRIWRQANNGDDATAGLTHMMIWHSNLNDTTYQRTRALVRTGMDPRMCSLMQGSTLPRRSGAAGAAVKGVGTMVMELIRMIKRGINDRNFWRGENGRKTRSAYERMCNILKGKFQTAAQRAMMDQVRESRNPGNAEIEDLIFLARSALILRGSVAHKSCLPACVYGPAVASGYDFEKEGYSLVGIDPFKLLQNSQVYSLIRPNENPAHKSQLVWMACNSAAFEDLRVLSFIRGTKVSPRGKLSTRGVQIASNENMDAMESSTLELRSRYWAIRTRSGGNTNQQRASAGQISVQPAFSVQRNLPFDKPTIMAAFTGNTEGRTSDMRAEIIRMMEGAKPEEMSFQGRGVFELSDERAANPIVPSFDMSNEGSYFFGDNAEEYDN,498,FALSE,9462,9462,0,-2.329469119,median,Doud,Site-Specific Amino Acid Preferences Are Mostly Conserved in Two Closely Related Protein Homologs,2015,10.1093/molbev/msv167,1-498,Nucleoproteins,"Influenza A virus (strain A/Puerto Rico/8/1934 H1N1), Influenza A virus (strain A/Aichi/2/1968 H3N2)",,Growth,I6TAH8_I68A0_theta0.99_full_11-26-2021_b09.a2m,1,498,498,0.9,0.01,15390,1,498,1493.3,2.998594378,medium,2118,4.253012048,I6TAH8_I68A0_Doud_2015.csv,log_fitness_by_syn_mut_fitness,1,mutant,I6TAH8_I68A0_theta_0.01.npy
IF1_ECOLI_Kelsic_2016,IF1_ECOLI_Kelsic_2016.csv,IF1_ECOLI,Prokaryote,MAKEDNIEMQGTVLETLPNTMFRVELENGHVVTAHISGKMRKNYIRILTGDKVTVELTPYDLSKGRIVFRSR,72,FALSE,1367,1367,0,0.8,manual,Kelsic,RNA Structural Determinants of Optimal Codons Revealed by MAGE-Seq,2016,10.1016/j.cels.2016.11.004,1-72,infA,Escherichia coli,Growth,Growth,IF1_ECOLI_full_11-26-2021_b02.a2m,1,72,72,0.2,0.2,361806,0.806,58,38189,658.4310345,high,46,0.7931034483,IF1_ECOLI_Kelsic_2016.csv,fitness_rich,1,mutant,IF1_ECOLI_theta_0.2.npy
KCNH2_HUMAN_Kozek_2020,KCNH2_HUMAN_Kozek_2020.csv,KCNH2_HUMAN,Human,MPVRRGHVAPQNTFLDTIIRKFEGQSRKFIIANARVENCAVIYCNDGFCELCGYSRAEVMQRPCTCDFLHGPRTQRRAAAQIAQALLGAEERKVEIAFYRKDGSCFLCLVDVVPVKNEDGAVIMFILNFEVVMEKDMVGSPAHDTNHRGPPTSWLAPGRAKTFRLKLPALLALTARESSVRSGGAGGAGAPGAVVVDVDLTPAAPSSESLALDEVTAMDNHVAGLGPAEERRALVGPGSPPRSAPGQLPSPRAHSLNPDASGSSCSLARTRSRESCASVRRASSADDIEAMRAGVLPPPPRHASTGAMHPLRSGLLNSTSDSDLVRYRTISKIPQITLNFVDLKGDPFLASPTSDREIIAPKIKERTHNVTEKVTQVLSLGADVLPEYKLQAPRIHRWTILHYSPFKAVWDWLILLLVIYTAVFTPYSAAFLLKETEEGPPATECGYACQPLAVVDLIVDIMFIVDILINFRTTYVNANEEVVSHPGRIAVHYFKGWFLIDMVAAIPFDLLIFGSGSEELIGLLKTARLLRLVRVARKLDRYSEYGAAVLFLLMCTFALIAHWLACIWYAIGNMEQPHMDSRIGWLHNLGDQIGKPYNSSGLGGPSIKDKYVTALYFTFSSLTSVGFGNVSPNTNSEKIFSICVMLIGSLMYASIFGNVSAIIQRLYSGTARYHTQMLRVREFIRFHQIPNPLRQRLEEYFQHAWSYTNGIDMNAVLKGFPECLQADICLHLNRSLLQHCKPFRGATKGCLRALAMKFKTTHAPPGDTLVHAGDLLTALYFISRGSIEILRGDVVVAILGKNDIFGEPLNLYARPGKSNGDVRALTYCDLHKIHRDDLLEVLDMYPEFSDHFWSSLEITFNLRDTNMIPGSPGSTELEGGFSRQRKRKLSFRRRTDKDTEQPGEVSALGPGRAGAGPSSRGRPGGPWGESPSSGPSSPESSEDEGPGRSSSPLRLVPFSSPRPPGEPPGGEPLMEDCEKSSDTCNPLSGAFSGVSNIFSFWGDSRGRQYQELPRCPAPTPSLLNIPLSSPGRRPRGDVESRLDALQRQLNRLETRLSADMATVLQLLQRQMTLVPPAYSAVTTPGPGPTSTSPLLPVSPLPTLTLDSLSQVSQFMACEELPPGAPELPQEGPTRRLSLPGQLGALTSQPLHRHGSDPGS,1159,FALSE,200,200,0,58.87492867,median,Kozek,High-throughput discovery of trafficking-deficient variants in the cardiac potassium channel KCNH2: Deep mutational scan of KCNH2 trafficking,2020,10.1016/j.hrthm.2020.05.041,545-555,KCNH2,Homo sapiens,Voltage,Voltage,KCNH2_HUMAN_535-565_11-26-2021_b05.a2m,535,565,31,0.5,0.2,13907,1,31,186.6,6.019354839,medium,1,0.03225806452,KCNH2_HUMAN_Kozek_2020.csv,score.ave,1,var,KCNH2_HUMAN_theta_0.2.npy
KKA2_KLEPN_Melnikov_2014,KKA2_KLEPN_Melnikov_2014.csv,KKA2_KLEPN,Prokaryote,MIEQDGLHAGSPAAWVERLFGYDWAQQTIGCSDAAVFRLSAQGRPVLFVKTDLSGALNELQDEAARLSWLATTGVPCAAVLDVVTEAGRDWLLLGEVPGQDLLSSHLAPAEKVSIMADAMRRLHTLDPATCPFDHQAKHRIERARTRMEAGLVDQDDLDEEHQGLAPAELFARLKARMPDGEDLVVTHGDACLPNIMVENGRFSGFIDCGRLGVADRYQDIALATRDIAEELGGEWADRFLVLYGIAAPDSQRIAFYRLLDEFF,264,FALSE,4960,4960,0,0.5,manual,Melnikov,Comprehensive mutational scanning of a kinasein vivoreveals substrate-dependent fitness landscapes,2014,10.1093/nar/gku511,1-264,"APH(3’)II, neo",Klebsiella pneumoniae,"Growth (225 ug/mL kanamycin) 1:1, 1:2, 1:4, 1:8 dilutions",Growth,KKA2_KLEPN_full_11-26-2021_b02.a2m,1,264,264,0.2,0.2,234760,0.795,210,76876.7,366.0795238,high,377,1.795238095,KKA2_KLEPN_Melnikov_2014.csv,Kan18_avg,1,mutant,KKA2_KLEPN_theta_0.2.npy
MK01_HUMAN_Brenan_2016,MK01_HUMAN_Brenan_2016.csv,MK01_HUMAN,Human,MAAAAAAGAGPEMVRGQVFDVGPRYTNLSYIGEGAYGMVCSAYDNVNKVRVAIKKISPFEHQTYCQRTLREIKILLRFRHENIIGINDIIRAPTIEQMKDVYIVQDLMETDLYKLLKTQHLSNDHICYFLYQILRGLKYIHSANVLHRDLKPSNLLLNTTCDLKICDFGLARVADPDHDHTGFLTEYVATRWYRAPEIMLNSKGYTKSIDIWSVGCILAEMLSNRPIFPGKHYLDQLNHILGILGSPSQEDLNCIINLKARNYLLSLPHKNKVPWNRLFPNADSKALDLLDKMLTFNPHKRIEVEQALAHPYLEQYYDPSDEPIAEAPFKFDMELDDLPKEKLKELIFEETARFQPGYRS,360,FALSE,6809,6809,0,-8.040790936,median,Brenan,Phenotypic Characterization of a Comprehensive Set of MAPK1 /ERK2 Missense Mutants,2016,10.1016/j.celrep.2016.09.061,2-360,MAPK1,Homo sapiens,Growth,inhibitor resistance,MK01_HUMAN_full_11-26-2021_b06.a2m,1,360,360,0.6,0.2,124248,0.806,290,8815.9,30.39965517,medium,287,0.9896551724,MK01_HUMAN_Brenan_2016.csv,DOX_Average,-1,mutant,MK01_HUMAN_theta_0.2.npy
MSH2_HUMAN_Jia_2020,MSH2_HUMAN_Jia_2020.csv,MSH2_HUMAN,Human,MAVQPKETLQLESAAEVGFVRFFQGMPEKPTTTVRLFDRGDFYTAHGEDALLAAREVFKTQGVIKYMGPAGAKNLQSVVLSKMNFESFVKDLLLVRQYRVEVYKNRAGNKASKENDWYLAYKASPGNLSQFEDILFGNNDMSASIGVVGVKMSAVDGQRQVGVGYVDSIQRKLGLCEFPDNDQFSNLEALLIQIGPKECVLPGGETAGDMGKLRQIIQRGGILITERKKADFSTKDIYQDLNRLLKGKKGEQMNSAVLPEMENQVAVSSLSAVIKFLELLSDDSNFGQFELTTFDFSQYMKLDIAAVRALNLFQGSVEDTTGSQSLAALLNKCKTPQGQRLVNQWIKQPLMDKNRIEERLNLVEAFVEDAELRQTLQEDLLRRFPDLNRLAKKFQRQAANLQDCYRLYQGINQLPNVIQALEKHEGKHQKLLLAVFVTPLTDLRSDFSKFQEMIETTLDMDQVENHEFLVKPSFDPNLSELREIMNDLEKKMQSTLISAARDLGLDPGKQIKLDSSAQFGYYFRVTCKEEKVLRNNKNFSTVDIQKNGVKFTNSKLTSLNEEYTKNKTEYEEAQDAIVKEIVNISSGYVEPMQTLNDVLAQLDAVVSFAHVSNGAPVPYVRPAILEKGQGRIILKASRHACVEVQDEIAFIPNDVYFEKDKQMFHIITGPNMGGKSTYIRQTGVIVLMAQIGCFVPCESAEVSIVDCILARVGAGDSQLKGVSTFMAEMLETASILRSATKDSLIIIDELGRGTSTYDGFGLAWAISEYIATKIGAFCMFATHFHELTALANQIPTVNNLHVTALTTEETLTMLYQVKKGVCDQSFGIHVAELANFPKHVIECAKQKALELEEFQYIGESQGYDIMEPAAKKCYLEREQGEKIIQEFLSKVKQMPFTEMSEENITIKLKQLKAEVIAKNNSFVNEIISRIKVTT,934,FALSE,16749,16749,0,1,manual,Jia,Massively parallel functional testing of MSH2 missense variants conferring Lynch Syndrome risk,2020,10.1016/j.ajhg.2020.12.003,1-934,MSH2,Homo sapiens,"drug resistance (surrogate for protein activity, 6-thioguanine (6-TG))",,MSH2_HUMAN_full_11-26-2021_b05.a2m,1,934,934,0.5,0.2,61226,0.901,842,10716.4,12.72731591,medium,1035,1.229216152,MSH2_HUMAN_Jia_2020.csv,LOF score,-1,Variant,MSH2_HUMAN_theta_0.2.npy
MTH3_HAEAE_Rockah-Shmuel_2015,MTH3_HAEAE_Rockah-Shmuel_2015.csv,MTH3_HAEAE,Prokaryote,MNLISLFSGAGGLDLGFQKAGFRIIAANEYDKSIWKTYESNHSAKLIKGDISKISSDEFPKCDGIIGGPPCQSWSEGGSLRGIDDPRGKLFYEYIRILKQKKPKFFLAENVKGMLAQRHNKAVQEFIQEFDNAGYDVHIILLNANDYGVAQDRKRVFYIGFRKELNINYLPPIPHLIKPTLKDVIWDLKDNPIPALDKNKTNGNKCIYPNHEYFIGSYSTIFMSRNRVRQWNEPAFTVQASGRQCQLHPQAPVMLKVSKNLNKFVEGKEHLYRRLTVRECARVQGFPDDFIFHYESLNDGYKMIGNAVPVNLAYEIAKTIKSALEIRKGN,330,FALSE,1777,1777,0,0.01,manual,Rockah-Shmuel,Systematic Mapping of Protein Mutational Space by Prolonged Drift Reveals the Deleterious Effects of Seemingly Neutral Mutations,2015,10.1371/journal.pcbi.1004421,2-330,DNA methylase HaeIII,Haemophilus aegyptius,Growth,Activity,MTH3_HAEAE_full_11-26-2021_b02.a2m,1,330,330,0.2,0.2,82734,0.891,294,26962.4,91.70884354,medium,582,1.979591837,MTH3_HAEAE_Rockah-Shmuel_2015.csv,Wrel_G17_filtered,1,mutant,MTH3_HAEAE_theta_0.2.npy
NCAP_I34A1_Doud_2015,NCAP_I34A1_Doud_2015.csv,NCAP_I34A1,Virus,MASQGTKRSYEQMETDGERQNATEIRASVGKMIGGIGRFYIQMCTELKLSDYEGRLIQNSLTIERMVLSAFDERRNKYLEEHPSAGKDPKKTGGPIYRRVNGKWMRELILYDKEEIRRIWRQANNGDDATAGLTHMMIWHSNLNDATYQRTRALVRTGMDPRMCSLMQGSTLPRRSGAAGAAVKGVGTMVMELVRMIKRGINDRNFWRGENGRKTRIAYERMCNILKGKFQTAAQKAMMDQVRESRNPGNAEFEDLTFLARSALILRGSVAHKSCLPACVYGPAVASGYDFEREGYSLVGIDPFRLLQNSQVYSLIRPNENPAHKSQLVWMACHSAAFEDLRVLSFIKGTKVLPRGKLSTRGVQIASNENMETMESSTLELRSRYWAIRTRSGGNTNQQRASAGQISIQPTFSVQRNLPFDRTTIMAAFNGNTEGRTSDMRTEIIRMMESARPEDVSFQGRGVFELSDEKAASPIVPSFDMSNEGSYFFGDNAEEYDN,498,FALSE,9462,9462,0,-2.872717233,median,Doud,Site-Specific Amino Acid Preferences Are Mostly Conserved in Two Closely Related Protein Homologs,2015,10.1093/molbev/msv167,1-498,Nucleoproteins,"Influenza A virus (strain A/Puerto Rico/8/1934 H1N1), Influenza A virus (strain A/Aichi/2/1968 H3N2)",,Growth,NCAP_I34A1_theta0.99_full_11-26-2021_b09.a2m,1,498,498,0.9,0.01,15390,1,498,1493.2,2.998393574,medium,2116,4.248995984,NCAP_I34A1_Doud_2015.csv,log_fitness_by_syn_mut_fitness,1,mutant,NCAP_I34A1_theta_0.01.npy
NRAM_I33A0_Jiang_standard_2016,NRAM_I33A0_Jiang_standard_2016.csv,NRAM_I33A0,Virus,MNPNQKIITIGSICMVVGIISLILQIGNIISIWISHSIQTGNQNHTGICNQGIITYNVVAGQDSTSVILTGNSSLCPIRGWAIHSKDNGIRIGSKGDVFVIREPFISCSHLECRTFFLTQGALLNDKHSNGTVKDRSPYRALMSCPVGEAPSPYNSRFESVAWSASACHDGMGWLTIGISGPDNGAVAVLKYNGIITETIKSWRKKILRTQESECTCVNGSCFTIMTDGPSNGLASYKIFKIEKGKVTKSIELNAPNSHYEECSCYPDTGKVMCVCRDNWHGSNRPWVSFDQNLDYQIGYICSGVFGDNPRPKDGPGSCGPVSADGANGVKGFSYRYGNGVWIGRTKSDSSRHGFEMIWDPNGWTETDSRFSVRQDVVAMTDRSGYSGSFVQHPELTGLDCMRPCFWVELIRGRPEEETIWTSGSIISFCGVNSDTVDWSWPDGAELPFTIDK,453,FALSE,298,298,0,-0.7772013612,median,Jiang,A Balance between Inhibitor Binding and Substrate Processing Confers Influenza Drug Resistance,2016,10.1016/j.jmb.2015.11.027,67-285,Neuraminidase,Influenza A virus (A/WSN/1933(H1N1)),,Growth,NRAM_I33A0_full_11-26-2021_b01.a2m,1,453,453,0.1,0.01,47174,0.976,442,33.1,0.07488687783,low,0,0,NRAM_I33A0_Jiang_2016.csv,Standard Conditions,1,mutant,NRAM_I33A0_theta_0.01.npy
NUD15_HUMAN_Suiter_2020,NUD15_HUMAN_Suiter_2020.csv,NUD15_HUMAN,Human,MTASAQPRGRRPGVGVGVVVTSCKHPRCVLLGKRKGSVGAGSFQLPGGHLEFGETWEECAQRETWEEAALHLKNVHFASVVNSFIEKENYHYVTILMKGEVDVTHDSEPKNVEPEKNESWEWVPWEELPPLDQLFWGLRCLKEQGYDPFKEDLNHLVGYKGNHL,164,FALSE,2844,2844,0,0.25,manual,Suiter,Massively parallel variant characterization identifies NUDT15 alleles associated with thiopurine toxicity,2020,10.1073/pnas.1915680117,2-164,NUDT15,Homo sapiens,,"VAMP-seq, drug sensitivity",NUD15_HUMAN_full_11-26-2021_b04.a2m,1,164,164,0.4,0.2,153922,0.72,118,43847.8,371.5915254,high,151,1.279661017,NUD15_HUMAN_Suiter_2020.csv,Final NUDT15 activity Score,1,mutant,NUD15_HUMAN_theta_0.2.npy
P53_HUMAN_Giacomelli_NULL_Etoposide_2018,P53_HUMAN_Giacomelli_NULL_Etoposide_2018.csv,P53_HUMAN,Human,MEEPQSDPSVEPPLSQETFSDLWKLLPENNVLSPLPSQAMDDLMLSPDDIEQWFTEDPGPDEAPRMPEAAPRVAPAPAAPTPAAPAPAPSWPLSSSVPSQKTYQGSYGFRLGFLHSGTAKSVTCTYSPALNKMFCQLAKTCPVQLWVDSTPPPGTRVRAMAIYKQSQHMTEVVRRCPHHERCSDSDGLAPPQHLIRVEGNLRVEYLDDRNTFRHSVVVPYEPPEVGSDCTTIHYNYMCNSSCMGGMNRRPILTIITLEDSSGNLLGRNSFEVRVCACPGRDRRTEEENLRKKGEPHHELPPGSTKRALPNNTSSSPQPKKKPLDGEYFTLQIRGRERFEMFRELNEALELKDAQAGKEPGGSRAHSSHLKSKKGQSTSRHKKLMFKTEGPDSD,393,FALSE,7467,7467,0,-0.5,manual,Giacomelli,Mutational processes shape the landscape of TP53 mutations in human cancer,2018,10.1038/s41588-018-0204-y,1-393,TP53,Homo sapiens,"drug resistance (nutlin-3, etoposide)",Growth,P53_HUMAN_full_04-29-2022_b09.a2m,1,393,393,0.9,0.2,5069,0.858,337,153.2,0.4545994065,low,7,0.02077151335,P53_HUMAN_Giacomelli_2018.csv,A549_p53NULL_Etoposide_Z-score,1,Allele,P53_HUMAN_theta_0.2.npy
P53_HUMAN_Giacomelli_NULL_Nutlin_2018,P53_HUMAN_Giacomelli_NULL_Nutlin_2018.csv,P53_HUMAN,Human,MEEPQSDPSVEPPLSQETFSDLWKLLPENNVLSPLPSQAMDDLMLSPDDIEQWFTEDPGPDEAPRMPEAAPRVAPAPAAPTPAAPAPAPSWPLSSSVPSQKTYQGSYGFRLGFLHSGTAKSVTCTYSPALNKMFCQLAKTCPVQLWVDSTPPPGTRVRAMAIYKQSQHMTEVVRRCPHHERCSDSDGLAPPQHLIRVEGNLRVEYLDDRNTFRHSVVVPYEPPEVGSDCTTIHYNYMCNSSCMGGMNRRPILTIITLEDSSGNLLGRNSFEVRVCACPGRDRRTEEENLRKKGEPHHELPPGSTKRALPNNTSSSPQPKKKPLDGEYFTLQIRGRERFEMFRELNEALELKDAQAGKEPGGSRAHSSHLKSKKGQSTSRHKKLMFKTEGPDSD,393,FALSE,7467,7467,0,0.04438920187,median,Giacomelli,Mutational processes shape the landscape of TP53 mutations in human cancer,2018,10.1038/s41588-018-0204-y,1-393,TP53,Homo sapiens,"drug resistance (nutlin-3, etoposide)",Growth,P53_HUMAN_full_04-29-2022_b09.a2m,1,393,393,0.9,0.2,5069,0.858,337,153.2,0.4545994065,low,7,0.02077151335,P53_HUMAN_Giacomelli_2018.csv,A549_p53NULL_Nutlin-3_Z-score,-1,Allele,P53_HUMAN_theta_0.2.npy
P53_HUMAN_Giacomelli_WT_Nutlin_2018,P53_HUMAN_Giacomelli_WT_Nutlin_2018.csv,P53_HUMAN,Human,MEEPQSDPSVEPPLSQETFSDLWKLLPENNVLSPLPSQAMDDLMLSPDDIEQWFTEDPGPDEAPRMPEAAPRVAPAPAAPTPAAPAPAPSWPLSSSVPSQKTYQGSYGFRLGFLHSGTAKSVTCTYSPALNKMFCQLAKTCPVQLWVDSTPPPGTRVRAMAIYKQSQHMTEVVRRCPHHERCSDSDGLAPPQHLIRVEGNLRVEYLDDRNTFRHSVVVPYEPPEVGSDCTTIHYNYMCNSSCMGGMNRRPILTIITLEDSSGNLLGRNSFEVRVCACPGRDRRTEEENLRKKGEPHHELPPGSTKRALPNNTSSSPQPKKKPLDGEYFTLQIRGRERFEMFRELNEALELKDAQAGKEPGGSRAHSSHLKSKKGQSTSRHKKLMFKTEGPDSD,393,FALSE,7467,7467,0,-1,manual,Giacomelli,Mutational processes shape the landscape of TP53 mutations in human cancer,2018,10.1038/s41588-018-0204-y,1-393,TP53,Homo sapiens,"drug resistance (nutlin-3, etoposide)",Growth,P53_HUMAN_full_04-29-2022_b09.a2m,1,393,393,0.9,0.2,5069,0.858,337,153.2,0.4545994065,low,7,0.02077151335,P53_HUMAN_Giacomelli_2018.csv,A549_p53WT_Nutlin-3_Z-score,-1,Allele,P53_HUMAN_theta_0.2.npy
P53_HUMAN_Kotler_2018,P53_HUMAN_Kotler_2018.csv,P53_HUMAN,Human,MEEPQSDPSVEPPLSQETFSDLWKLLPENNVLSPLPSQAMDDLMLSPDDIEQWFTEDPGPDEAPRMPEAAPPVAPAPAAPTPAAPAPAPSWPLSSSVPSQKTYQGSYGFRLGFLHSGTAKSVTCTYSPALNKMFCQLAKTCPVQLWVDSTPPPGTRVRAMAIYKQSQHMTEVVRRCPHHERCSDSDGLAPPQHLIRVEGNLRVEYLDDRNTFRHSVVVPYEPPEVGSDCTTIHYNYMCNSSCMGGMNRRPILTIITLEDSSGNLLGRNSFEVRVCACPGRDRRTEEENLRKKGEPHHELPPGSTKRALPNNTSSSPQPKKKPLDGEYFTLQIRGRERFEMFRELNEALELKDAQAGKEPGGSRAHSSHLKSKKGQSTSRHKKLMFKTEGPDSD,393,FALSE,1048,1048,0,1,manual,Kotler,A Systematic p53 Mutation Library Links Differential Functional Impact to Cancer Mutation Pattern and Evolutionary Conservation,2018,10.1016/j.molcel.2018.06.012,102-292,TP53,Homo sapiens,growth,Growth,P53_HUMAN_full_11-26-2021_b09.a2m,1,393,393,0.9,0.2,4129,0.863,339,148,0.4365781711,low,15,0.04424778761,P53_HUMAN_Kotler_2018.csv,RFS_H1299,-1,mutant,P53_HUMAN_Kotler_theta_0.2.npy
P84126_THETH_Chan_2017,P84126_THETH_Chan_2017.csv,P84126_THETH,Prokaryote,MRPDLSRVPGVLGEIARKRASEVAPYPLPEPPSVPSFKEALLRPGLSVIAEVKRQSPSEGLIREVDPVEAALAYARGGARAVSVLTEPHRFGGSLLDLKRVREAVDLPLLRKDFVVDPFMLEEARAFGASAALLIVALLGELTGAYLEEARRLGLEALVEVHTERELEIALEAGAEVLGINNRDLATLHINLETAPRLGRLARKRGFGGVLVAESGYSRKEELKALEGLFDAVLIGTSLMRAPDLEAALRELVG,254,FALSE,1519,1519,0,-0.5,manual,Chan,Correlation of fitness landscapes from three orthologous TIM barrels originates from sequence and structure constraints,2017,10.1038/ncomms14614,44-238,TIM Barrell (T. thermophilus),Thermus thermophilus,fitness,Growth,P84126_THETH_full_11-26-2021_b04.a2m,1,254,254,0.4,0.2,53441,0.941,239,10704.6,44.78912134,medium,390,1.631799163,P84126_THETH_Chan_2017.csv,fitness,1,mutant,P84126_THETH_theta_0.2.npy
PA_I34A1_Wu_2015,PA_I34A1_Wu_2015.csv,PA_I34A1,Virus,MEDFVRQCFNPMIVELAEKAMKEYGEDLKIETNKFAAICTHLEVCFMYSDFHFIDEQGESIVVELGDPNALLKHRFEIIEGRDRTIAWTVVNSICNTTGAEKPKFLPDLYDYKKNRFIEIGVTRREVHIYYLEKANKIKSEKTHIHIFSFTGEEMATKADYTLDEESRARIKTRLFTIRQEMASRGLWDSFRQSERGEETIEERFEITGTMRKLADQSLPPNFSSLEKFRAYVDGFEPNGYIEGKLSQMSKEVNARIEPFLKSTPRPLRLPDGPPCSQRSKFLLMDALKLSIEDPSHEGEGIPLYDAIKCMRTFFGWKEPNVVKPHEKGINPNYLLSWKQVLAELQDIENEEKIPRTKNMKKTSQLKWALGENMAPEKVDFDDCKDVGDLKQYDSDEPELRSLASWIQNEFNKACELTDSSWIELDEIGEDAAPIEHIASMRRNYFTAEVSHCRATEYIMKGVYINTALLNASCAAMDDFQLIPMISKCRTKEGRRKTNLYGFIIKGRSHLRNDTDVVNFVSMEFSLTDPRLEPHKWEKYCVLEVGDMLLRSAIGHVSRPMFLYVRTNGTSKIKMKWGMEMRRCLLQSLQQIESMIEAESSVKEKDMTKEFFENKSETWPVGESPKGVEEGSIGKVCRTLLAKSVFNSLYASPQLEGFSAESRKLLLIVQALRDNLEPGTFDLGGLYEAIEECLINDPWVLLNASWFNSFLTHALR,716,FALSE,1820,1820,0,0.290683953,median,Wu,Functional Constraint Profiling of a Viral Protein Reveals Discordance of Evolutionary Conservation and Functionality,2015,10.1371/journal.pgen.1005310,7-716,PA,influenza subtype?,Viral replication,Growth,PA_I34A1_full_theta0.99_04-29-2022_b09.a2m,1,716,716,0.9,0.01,26750,1,716,1608,2.245810056,medium,3706,5.175977654,PA_I34A1_Wu_2015.csv,RF_index,1,mutant,PA_I34A1_theta_0.01.npy
PABP_YEAST_Melamed_2013,PABP_YEAST_Melamed_2013.csv,PABP_YEAST,Eukaryote,MADITDKTAEQLENLNIQDDQKQAATGSESQSVENSSASLYVGDLEPSVSEAHLYDIFSPIGSVSSIRVCRDAITKTSLGYAYVNFNDHEAGRKAIEQLNYTPIKGRLCRIMWSQRDPSLRKKGSGNIFIKNLHPDIDNKALYDTFSVFGDILSSKIATDENGKSKGFGFVHFEEEGAAKEAIDALNGMLLNGQEIYVAPHLSRKERDSQLEETKAHYTNLYVKNINSETTDEQFQELFAKFGPIVSASLEKDADGKLKGFGFVNYEKHEDAVKAVEALNDSELNGEKLYVGRAQKKNERMHVLKKQYEAYRLEKMAKYQGVNLFVKNLDDSVDDEKLEEEFAPYGTITSAKVMRTENGKSKGFGFVCFSTPEEATKAITEKNQQIVAGKPLYVAIAQRKDVRRSQLAQQIQARNQMRYQQATAAAAAAAAGMPGQFMPPMFYGVMPPRGVPFNGPNPQQMNPMGGMPKNGMPPQFRNGPVYGVPPQGGFPRNANDNNQFYQQKQRQALGEQLYKKVSAKTSNEEAAGKITGMILDLPPQEVFPLLESDELFEQHYKEASAAYESFKKEQEQQTEQA,577,TRUE,37708,1187,36521,0.3,manual,Melamed,Deep mutational scanning of an RRM domain of the Saccharomyces cerevisiae poly(A)-binding protein,2013,10.1261/rna.040709.113,126-200,PAB1,Saccharomyces cerevisiae S288C,"Growth (essential function), RNA binding",Growth,PABP_YEAST_full_11-26-2021_b07.a2m,1,577,577,0.7,0.2,7866,0.919,530,855.1,1.613396226,medium,83,0.1566037736,PABP_YEAST_Melamed_2013.csv,linear,1,mutant,PABP_YEAST_theta_0.2.npy
POLG_CXB3N_Mattenberger_2021,POLG_CXB3N_Mattenberger_2021.csv,POLG_CXB3N,Virus,MGAQVSTQKTGAHETRLNASGNSIIHYTNINYYKDAASNSANRQDFTQDPGKFTEPVKDIMIKSLPALNSPTVEECGYSDRARSITLGNSTITTQECANVVVGYGVWPDYLKDSEATAEDQPTQPDVATCRFYTLDSVQWQKTSPGWWWKLPDALSNLGLFGQNMQYHYLGRTGYTVHVQCNASKFHQGCLLVVCVPEAEMGCATLDNTPSSAELLGGDSAKEFADKPVASGSNKLVQRVVYNAGMGVGVGNLTIFPHQWINLRTNNSATIVMPYTNSVPMDNMFRHNNVTLMVIPFVPLDYCPGSTTYVPITVTIAPMCAEYNGLRLAGHQGLPTMNTPGSCQFLTSDDFQSPSAMPQYDVTPEMRIPGEVKNLMEIAEVDSVVPVQNVGEKVNSMEAYQIPVRSNEGSGTQVFGFPLQPGYSSVFSRTLLGEILNYYTHWSGSIKLTFMFCGSAMATGKFLLAYSPPGAGAPTKRVDAMLGTHVIWDVGLQSSCVLCIPWISQTHYRFVASDEYTAGGFITCWYQTNIVVPADAQSSCYIMCFVSACNDFSVRLLKDTPFISQQNFFQGPVEDAITAAIGRVADTVGTGPTNSEAIPALTAAETGHTSQVVPGDTMQTRHVKNYHSRSESTIENFLCRSACVYFTEYKNSGAKRYAEWVLTPRQAAQLRRKLEFFTYVRFDLELTFVITSTQQPSTTQNQDAQILTHQIMYVPPGGPVPDKVDSYVWQTSTNPSVFWTEGNAPPRMSIPFLSIGNAYSNFYDGWSEFSRNGVYGINTLNNMGTLYARHVNAGSTGPIKSTIRIYFKPKHVKAWIPRPPRLCQYEKAKNVNFQPSGVTTTRQSITTMTNTGAFGQQSGAVYVGNYRVVNRHLATSADWQNCVWESYNRDLLVSTTTAHGCDIIARCQCTTGVYFCASKNKHYPISFEGPGLVEVQESEYYPRRYQSHVLLAAGFSEPGDCGGILRCEHGVIGIVTMGGEGVVGFADIRDLLWLEDDAMEQGVKDYVEQLGNAFGSGFTNQICEQVNLLKESLVGQDSILEKSLKALVKIISALVIVVRNHDDLITVTATLALIGCTSSPWRWLKQKVSQYYGIPMAERQNNSWLKKFTEMTNACKGMEWIAVKIQKFIEWLKVKILPEVREKHEFLNRLKQLPLLESQIATIEQSAPSQSDQEQLFSNVQYFAHYCRKYAPLYAAEAKRVFSLEKKMSNYIQFKSKCRIEPVCLLLHGSPGAGKSVATNLIGRSLAEKLNSSVYSLPPDPDHFDGYKQQAVVIMDDLCQNPDGKDVSLFCQMVSSVDFVPPMAALEEKGILFTSPFVLASTNAGSINAPTVSDSRALARRFHFDMNIEVISMYSQNGKINMPMSVKTCDDECCPVNFKKCCPLVCGKAIQFIDRRTQVRYSLDMLVTEMFREYNHRHSVGTTLEALFQGPPVYREIKISVAPETPPPPAIADLLKSVDSEAVREYCKEKGWLVPEINSTLQIEKHVSRAFICLQALTTFVSVAGIIYIIYKLFAGFQGAYTGVPNQKPRVPTLRQAKVQGPAFEFAVAMMKRNSSTVKTEYGEFTMLGIYDRWAVLPRHAKPGPTILMNDQEVGVLDAKELVDKDGTNLELTLLKLNRNEKFRDIRGFLAKEEVEVNEAVLAINTSKFPNMYIPVGQVTEYGFLNLGGTPTKRMLMYNFPTRAGQCGGVLMSTGKVLGIHVGGNGHQGFSAALLKHYFNDEQGEIEFIESSKDAGFPVINTPSKTKLEPSVFHQVFEGNKEPAVLRSGDPRLKANFEEAIFSKYIGNVNTHVDEYMLEAVDHYAGQLATLDISTEPMKLEDAVYGTEGLEALDLTTSAGYPYVALGIKKRDILSKKTKDLTKLKECMDKYGLNLPMVTYVKDELRSIEKVAKGKSRLIEASSLNDSVAMRQTFGNLYKTFHLNPGVVTGSAVGCDPDLFWSKIPVMLDGHLIAFDYSGYDASLSPVWFACLKMLLEKLGYTHKETNYIDYLCNSHHLYRDKHYFVRGGMPSGCSGTSIFNSMINNIIIRTLMLKVYKGIDLDQFRMIAYGDDVIASYPWPIDASLLAEAGKGYGLIMTPADKGECFNEVTWTNATFLKRYFRADEQYPFLVHPVMPMKDIHESIRWTKDPKNTQDHVRSLCLLAWHNGEHEYEEFIRKIRSVPVGRCLTLPAFSTLRRKWLDSF,2185,FALSE,15711,15711,0,-2.76355725,median,Mattenberger,Globally defining the effects of mutations in a picornavirus capsid,2021,10.7554/eLife.64256,1-851,capsid,Coxsackievirus B3,Viral replication,Growth,POLG_CXB3N_1-861_theta0.99_04-29-2022_b07.a2m,1,861,861,0.7,0.01,7909,0.959,826,1515.2,1.834382567,medium,94,0.1138014528,POLG_CXB3N_Mattenberger_2021.csv,log_fitness_by_syn_mut_fitness,1,mutant,POLG_CXB3N_theta_0.01.npy
POLG_HCVJF_Qi_2014,POLG_HCVJF_Qi_2014.csv,POLG_HCVJF,Virus,MSTNPKPQRKTKRNTNRRPEDVKFPGGGQIVGGVYLLPRRGPRLGVRTTRKTSERSQPRGRRQPIPKDRRSTGKAWGKPGRPWPLYGNEGLGWAGWLLSPRGSRPSWGPTDPRHRSRNVGKVIDTLTCGFADLMGYIPVVGAPLSGAARAVAHGVRVLEDGVNYATGNLPGFPFSIFLLALLSCITVPVSAAQVKNTSSSYMVTNDCSNDSITWQLEAAVLHVPGCVPCERVGNTSRCWVPVSPNMAVRQPGALTQGLRTHIDMVVMSATFCSALYVGDLCGGVMLAAQVFIVSPQYHWFVQECNCSIYPGTITGHRMAWDMMMNWSPTATMILAYVMRVPEVIIDIVSGAHWGVMFGLAYFSMQGAWAKVIVILLLAAGVDAGTTTVGGAVARSTNVIAGVFSHGPQQNIQLINTNGSWHINRTALNCNDSLNTGFLAALFYTNRFNSSGCPGRLSACRNIEAFRIGWGTLQYEDNVTNPEDMRPYCWHYPPKPCGVVPARSVCGPVYCFTPSPVVVGTTDRRGVPTYTWGENETDVFLLNSTRPPQGSWFGCTWMNSTGFTKTCGAPPCRTRADFNASTDLLCPTDCFRKHPDATYIKCGSGPWLTPKCLVHYPYRLWHYPCTVNFTIFKIRMYVGGVEHRLTAACNFTRGDRCDLEDRDRSQLSPLLHSTTEWAILPCTYSDLPALSTGLLHLHQNIVDVQYMYGLSPAITKYVVRWEWVVLLFLLLADARVCACLWMLILLGQAEAALEKLVVLHAASAANCHGLLYFAIFFVAAWHIRGRVVPLTTYCLTGLWPFCLLLMALPRQAYAYDAPVHGQIGVGLLILITLFTLTPGYKTLLGQCLWWLCYLLTLGEAMIQEWVPPMQVRGGRDGIAWAVTIFCPGVVFDITKWLLALLGPAYLLRAALTHVPYFVRAHALIRVCALVKQLAGGRYVQVALLALGRWTGTYIYDHLTPMSDWAASGLRDLAVAVEPIIFSPMEKKVIVWGAETAACGDILHGLPVSARLGQEILLGPADGYTSKGWKLLAPITAYAQQTRGLLGAIVVSMTGRDRTEQAGEVQILSTVSQSFLGTTISGVLWTVYHGAGNKTLAGLRGPVTQMYSSAEGDLVGWPSPPGTKSLEPCKCGAVDLYLVTRNADVIPARRRGDKRGALLSPRPISTLKGSSGGPVLCPRGHVVGLFRAAVCSRGVAKSIDFIPVETLDVVTRSPTFSDNSTPPAVPQTYQVGYLHAPTGSGKSTKVPVAYAAQGYKVLVLNPSVAATLGFGAYLSKAHGINPNIRTGVRTVMTGEAITYSTYGKFLADGGCASGAYDIIICDECHAVDATSILGIGTVLDQAETAGVRLTVLATATPPGSVTTPHPDIEEVGLGREGEIPFYGRAIPLSCIKGGRHLIFCHSKKKCDELAAALRGMGLNAVAYYRGLDVSIIPAQGDVVVVATDALMTGYTGDFDSVIDCNVAVTQAVDFSLDPTFTITTQTVPQDAVSRSQRRGRTGRGRQGTYRYVSTGERASGMFDSVVLCECYDAGAAWYDLTPAETTVRLRAYFNTPGLPVCQDHLEFWEAVFTGLTHIDAHFLSQTKQAGENFAYLVAYQATVCARAKAPPPSWDAMWKCLARLKPTLAGPTPLLYRLGPITNEVTLTHPGTKYIATCMQADLEVMTSTWVLAGGVLAAVAAYCLATGCVSIIGRLHVNQRVVVAPDKEVLYEAFDEMEECASRAALIEEGQRIAEMLKSKIQGLLQQASKQAQDIQPAMQASWPKVEQFWARHMWNFISGIQYLAGLSTLPGNPAVASMMAFSAALTSPLSTSTTILLNIMGGWLASQIAPPAGATGFVVSGLVGAAVGSIGLGKVLVDILAGYGAGISGALVAFKIMSGEKPSMEDVINLLPGILSPGALVVGVICAAILRRHVGPGEGAVQWMNRLIAFASRGNHVAPTHYVTESDASQRVTQLLGSLTITSLLRRLHNWITEDCPIPCSGSWLRDVWDWVCTILTDFKNWLTSKLFPKLPGLPFISCQKGYKGVWAGTGIMTTRCPCGANISGNVRLGSMRITGPKTCMNTWQGTFPINCYTEGQCAPKPPTNYKTAIWRVAASEYAEVTQHGSYSYVTGLTTDNLKIPCQLPSPEFFSWVDGVQIHRFAPTPKPFFRDEVSFCVGLNSYAVGSQLPCEPEPDADVLRSMLTDPPHITAETAARRLARGSPPSEASSSVSQLSAPSLRATCTTHSNTYDVDMVDANLLMEGGVAQTEPESRVPVLDFLEPMAEEESDLEPSIPSECMLPRSGFPRALPAWARPDYNPPLVESWRRPDYQPPTVAGCALPPPKKAPTPPPRRRRTVGLSESTISEALQQLAIKTFGQPPSSGDAGSSTGAGAAESGGPTSPGEPAPSETGSASSMPPLEGEPGDPDLESDQVELQPPPQGGGVAPGSGSGSWSTCSEEDDTTVCCSMSYSWTGALITPCSPEEEKLPINPLSNSLLRYHNKVYCTTSKSASQRAKKVTFDRTQVLDAHYDSVLKDIKLAASKVSARLLTLEEACQLTPPHSARSKYGFGAKEVRSLSGRAVNHIKSVWKDLLEDPQTPIPTTIMAKNEVFCVDPAKGGKKPARLIVYPDLGVRVCEKMALYDITQKLPQAVMGASYGFQYSPAQRVEYLLKAWAEKKDPMGFSYDTRCFDSTVTERDIRTEESIYQACSLPEEARTAIHSLTERLYVGGPMFNSKGQTCGYRRCRASGVLTTSMGNTITCYVKALAACKAAGIVAPTMLVCGDDLVVISESQGTEEDERNLRAFTEAMTRYSAPPGDPPRPEYDLELITSCSSNVSVALGPRGRRRYYLTRDPTTPLARAAWETVRHSPINSWLGNIIQYAPTIWVRMVLMTHFFSILMVQDTLDQNLNFEMYGSVYSVNPLDLPAIIERLHGLDAFSMHTYSHHELTRVASALRKLGAPPLRVWKSRARAVRASLISRGGKAAVCGRYLFNWAVKTKLKLTPLPEARLLDLSSWFTVGAGGGDIFHSVSRARPRSLLFGLLLLFVGVGLFLLPAR,3033,FALSE,1630,1630,0,-0.95,manual,Qi,A Quantitative High-Resolution Genetic Profile Rapidly Identifies Sequence Determinants of Hepatitis C Viral Fitness and Drug Sensitivity,2014,10.1371/journal.ppat.1004064,1994-2079,NS5A,Hepatitis C virus genotype 2a (isolate JFH-1) (HCV),Viral replication,Growth,POLG_HCVJF_theta0.99_1984-2089_11-26-2021_b08.a2m,1984,2089,106,0.8,0.01,16556,1,106,4421.2,41.70943396,medium,93,0.8773584906,POLG_HCVJF_Qi_2014.csv,fitness,1,mutant,POLG_HCVJF_theta_0.01.npy
PTEN_HUMAN_Matreyek_2021,PTEN_HUMAN_Matreyek_2021.csv,PTEN_HUMAN,Human,MTAIIKEIVSRNKRRYQEDGFDLDLTYIYPNIIAMGFPAERLEGVYRNNIDDVVRFLDSKHKNHYKIYNLCAERHYDTAKFNCRVAQYPFEDHNPPQLELIKPFCEDLDQWLSEDDNHVAAIHCKAGKGRTGVMICAYLLHRGKFLKAQEALDFYGEVRTRDKKGVTIPSQRRYVYYYSYLLKNHLDYRPVALLFHKMMFETIPMFSGGTCNPQFVVCQLKVKIYSSNSGPTRREDKFMYFEFPQPLPVCGDIKVEFFHKQNKMLKKDKMFHFWVNTFFIPGPEETSEKVENGSLCDQEIDSICSIERADNDKEYLVLTLTKNDLDKANKDKANRYFSPNFKVKLYFTKTVEEPSNPEASSSTSVTPDVSDNEPDHYRYSDTTDSDPENEPFDEDQHTQITKV,403,FALSE,5083,5083,0,0.7708605475,median,Matreyek,Integrating thousands of PTEN variant activity and abundance measurements reveals variant subgroups and new dominant negatives in cancers,2021,10.1186/s13073-021-00984-x,1-403,PTEN,Homo sapiens,Protein abundance (FACS sorting for abundance of GFP-fused target),Protein stability,PTEN_HUMAN_full_11-26-2021_b01.a2m,1,403,403,0.1,0.2,19058,0.752,303,1425.3,4.703960396,medium,52,0.1716171617,PTEN_HUMAN_Matreyek_2021.csv,score_total,1,variant,PTEN_HUMAN_theta_0.2.npy
PTEN_HUMAN_Mighell_2018,PTEN_HUMAN_Mighell_2018.csv,PTEN_HUMAN,Human,MTAIIKEIVSRNKRRYQEDGFDLDLTYIYPNIIAMGFPAERLEGVYRNNIDDVVRFLDSKHKNHYKIYNLCAERHYDTAKFNCRVAQYPFEDHNPPQLELIKPFCEDLDQWLSEDDNHVAAIHCKAGKGRTGVMICAYLLHRGKFLKAQEALDFYGEVRTRDKKGVTIPSQRRYVYYYSYLLKNHLDYRPVALLFHKMMFETIPMFSGGTCNPQFVVCQLKVKIYSSNSGPTRREDKFMYFEFPQPLPVCGDIKVEFFHKQNKMLKKDKMFHFWVNTFFIPGPEETSEKVENGSLCDQEIDSICSIERADNDKEYLVLTLTKNDLDKANKDKANRYFSPNFKVKLYFTKTVEEPSNPEASSSTSVTPDVSDNEPDHYRYSDTTDSDPENEPFDEDQHTQITKV,403,FALSE,7260,7260,0,-1.5,manual,Mighell,A Saturation Mutagenesis Approach to Understanding PTEN Lipid Phosphatase Activity and Genotype-Phenotype Relationships,2018,10.1016/j.ajhg.2018.03.018,1-403,PTEN,Homo sapiens,"growth (surrogate for enzymatic activity/hydrolysis of lipid phosphates to restore PIP2, which affects proliferation rate)",lipid phosphatase activity,PTEN_HUMAN_full_11-26-2021_b01.a2m,1,403,403,0.1,0.2,19058,0.752,303,1425.3,4.703960396,medium,52,0.1716171617,PTEN_HUMAN_Mighell_2018.csv,Fitness_score,1,mutant,PTEN_HUMAN_theta_0.2.npy
Q2N0S5_9HIV1_Haddox_2018,Q2N0S5_9HIV1_Haddox_2018.csv,Q2N0S5_9HIV1,Virus,MRVMGIQRNCQHLFRWGTMILGMIIICSAAENLWVTVYYGVPVWKDAETTLFCASDAKAYETEKHNVWATHACVPTDPNPQEIHLENVTEEFNMWKNNMVEQMHTDIISLWDQSLKPCVKLTPLCVTLQCTNVTNNITDDMRGELKNCSFNMTTELRDKKQKVYSLFYRLDVVQINENQGNRSNNSNKEYRLINCNTSAITQACPKVSFEPIPIHYCAPAGFAILKCKDKKFNGTGPCPSVSTVQCTHGIKPVVSTQLLLNGSLAEEEVMIRSENITNNAKNILVQFNTPVQINCTRPNNNTRKSIRIGPGQAFYATGDIIGDIRQAHCNVSKATWNETLGKVVKQLRKHFGNNTIIRFANSSGGDLEVTTHSFNCGGEFFYCNTSGLFNSTWISNTSVQGSNSTGSNDSITLPCRIKQIINMWQRIGQAMYAPPIQGVIRCVSNITGLILTRDGGSTNSTTETFRPGGGDMRDNWRSELYKYKVVKIEPLGVAPTRAKRRVVGREKRAVGIGAVFLGFLGAAGSTMGAASMTLTVQARNLLSGIVQQQSNLLRAIEAQQHLLKLTVWGIKQLQARVLAVERYLRDQQLLGIWGCSGKLICTTNVPWNSSWSNRNLSEIWDNMTWLQWDKEISNYTQIIYGLLEESQNQQEKNEQDLLALDKWASLWNWFDISNWLWYIKIFIMIVGGLIGLRIVFAVLSVIHRVRQGYSPLSFQTHTPNPRGLDRPERIEEEDGEQDRGRSTRLVSGFLALAWDDLRSLCLFCYHRLRDFILIAARIVELLGHSSLKGLRLGWEGLKYLWNLLAYWGRELKISAINLFDTIAIAVAEWTDRVIEIGQRLCRAFLHIPRRIRQGLERALL,860,FALSE,12729,12729,0,-2,manual,Haddox,Mapping mutational effects along the evolutionary landscape of HIV envelope,2018,10.7554/eLife.34420,30-699,HIV env protein (BG505),HIV,Viral replication,Growth,Q2N0S5_9HIV1_full_theta0.99_04-29-2022_b09.a2m,1,860,860,0.9,0.01,75014,0.976,839,36369.7,43.3488677,medium,2462,2.934445769,Q2N0S5_9HIV1_Haddox_2018.csv,fitness,1,mutant,Q2N0S5_9HIV1_theta_0.01.npy
Q59976_STRSQ_Romero_2015,Q59976_STRSQ_Romero_2015.csv,Q59976_STRSQ,Prokaryote,MVPAAQQTAMAPDAALTFPEGFLWGSATASYQIEGAAAEDGRTPSIWDTYARTPGRVRNGDTGDVATDHYHRWREDVALMAELGLGAYRFSLAWPRIQPTGRGPALQKGLDFYRRLADELLAKGIQPVATLYHWDLPQELENAGGWPERATAERFAEYAAIAADALGDRVKTWTTLNEPWCSAFLGYGSGVHAPGRTDPVAALRAAHHLNLGHGLAVQALRDRLPADAQCSVTLNIHHVRPLTDSDADADAVRRIDALANRVFTGPMLQGAYPEDLVKDTAGLTDWSFVRDGDLRLAHQKLDFLGVNYYSPTLVSEADGSGTHNSDGHGRSAHSPWPGADRVAFHQPPGETTAMGWAVDPSGLYELLRRLSSDFPALPLVITENGAAFHDYADPEGNVNDPERIAYVRDHLAAVHRAIKDGSDVRGYFLWSLLDNFEWAHGYSKRFGAVYVDYPTGTRIPKASARWYAEVARTGVLPTAGDPNSSSVDKLAAALEHHHHHH,501,FALSE,2999,2999,0,-1,manual,Romero,Dissecting enzyme function with microfluidic-based deep mutational scanning,2015,10.1073/pnas.1422285112,1-501,β-glucosidase,Streptomyces sp.,Enzyme function,Activity,Q59976_STRSQ_full_11-26-2021_b03.a2m,1,501,501,0.3,0.2,105913,0.882,442,13981.2,31.63167421,medium,850,1.923076923,Q59976_STRSQ_Romero_2015.csv,enrichment,1,mutant,Q59976_STRSQ_theta_0.2.npy
R1AB_SARS2_Flynn_growth_2022,R1AB_SARS2_Flynn_growth_2022.csv,R1AB_SARS2,Virus,SGFRKMAFPSGKVEGCMVQVTCGTTTLNGLWLDDVVYCPRHVICTSEDMLNPNYEDLLIRKSNHNFLVQAGNVQLRVIGHSMQNCVLKLKVDTANPKTPKYKFVRIQPGQTFSVLACYNGSPSGVYQCAMRPNFTIKGSFLNGSCGSVGFNIDYDCVSFCYMHHMELPTGVHAGTDLEGNFYGPFVDRQTAQAAGTDTTITVNVLAWLYAAVINGDRWFLNRFTTTLNDFNLVAMKYNYEPLTQDHVDILGPLSAQTGIAVLDMCASLKELLQNGMNGRTILGSALLEDEFTPFDVVRQCSGVTFQ,306,FALSE,5725,5725,0,0.5,manual,Flynn,Comprehensive fitness landscape of SARS-CoV-2 Mpro reveals insights into viral resistance mechanisms,2022,10.1101/2022.01.26.477860,1-306,mpro,SARS-COV2,"FRET, Growth",,R1AB_SARS2_02-19-2022_b07.a2m,1,306,306,0.7,0.01,182169,1,306,326.3,1.066339869,medium,79,0.2581699346,R1AB_SARS2_Flynn_2022.csv,average_growth,1,mutant,R1AB_SARS2_theta_0.01.npy
RASH_HUMAN_Bandaru_2017,RASH_HUMAN_Bandaru_2017.csv,RASH_HUMAN,Human,MTEYKLVVVGAGGVGKSALTIQLIQNHFVDEYDPTIEDSYRKQVVIDGETCLLDILDTAGQEEYSAMRDQYMRTGEGFLCVFAINNTKSFEDIHQYREQIKRVKDSDDVPMVLVGNKCDLAARTVESRQAQDLARSYGIPYIETSAKTRQGVEDAFYTLVREIRQHKLRKLNPPDESGPGCMSCKCVLS,189,FALSE,3134,3134,0,-0.25,manual,Bandaru,Deconstruction of the Ras switching cycle through saturation mutagenesis,2017,10.7554/eLife.27810,1-161,HRAS,Homo sapiens,C-Raf binding and GEF,activity,RASH_HUMAN_full_11-26-2021_b03.a2m,1,189,189,0.3,0.2,204751,0.862,163,23971.6,147.0650307,high,205,1.257668712,RASH_HUMAN_Bandaru_2017.csv,unregulated,1,mutant,RASH_HUMAN_theta_0.2.npy
REV_HV1H2_Fernandes_2016,REV_HV1H2_Fernandes_2016.csv,REV_HV1H2,Virus,MAGRSGDSDEELIRTVRLIKLLYQSNPPPNPEGTRQARRNRRRRWRERQRQIHSISERILSTYLGRSAEPVPLQLPPLERLTLDCNEDCGTSGTQGVGSPQILVESPTVLESGTKE,116,FALSE,2147,2147,0,-0.06744744968,median,Fernandes,Functional Segregation of Overlapping Genes in HIV,2016,10.1016/j.cell.2016.11.031,1-116,rev,Human immunodeficiency virus type 1 group M subtype B (isolate BRU/LAI) (HIV-1),Viral replication,Growth,REV_HV1H2_full_theta0.99_04-29-2022_b09.a2m,1,116,116,0.9,0.01,15839,0.948,110,9951.8,90.47090909,medium,54,0.4909090909,REV_HV1H2_Fernandes_2016.csv,sel_coeff_mean,1,mutant,REV_HV1H2_theta_0.01.npy
RL401_YEAST_Mavor_2016,RL401_YEAST_Mavor_2016.csv,RL40A_YEAST,Eukaryote,MQIFVKTLTGKTITLEVESSDTIDNVKSKIQDKEGIPPDQQRLIFAGKQLEDGRTLSDYNIQKESTLHLVLRLRGGIIEPSLKALASKYNCDKSVCRKCYARLPPRATNCRKRKCGHTNQLRPKKKLK,128,FALSE,1253,1253,0,-0.2,manual,Mavor,Determination of ubiquitin fitness landscapes under different chemical stresses in a classroom setting,2016,10.7554/eLife.15802,2-76,Ubiquitin,Saccharomyces cerevisiae S288C,Growth,Growth,RL401_YEAST_full_11-26-2021_b01.a2m,1,128,128,0.1,0.2,16228,0.695,89,3974.4,44.65617978,medium,12,0.1348314607,RL401_YEAST_Mavor_2016.csv,DMSO,1,mutant,RL401_YEAST_theta_0.2.npy
RL401_YEAST_Roscoe_2013,RL401_YEAST_Roscoe_2013.csv,RL40A_YEAST,Eukaryote,MQIFVKTLTGKTITLEVESSDTIDNVKSKIQDKEGIPPDQQRLIFAGKQLEDGRTLSDYNIQKESTLHLVLRLRGGIIEPSLKALASKYNCDKSVCRKCYARLPPRATNCRKRKCGHTNQLRPKKKLK,128,FALSE,1195,1195,0,-0.2,manual,Roscoe,Analyses of the Effects of All Ubiquitin Point Mutants on Yeast Growth Rate,2013,10.1016/j.jmb.2013.01.032,2-76,Ubiquitin,Saccharomyces cerevisiae S288C,Growth (essential function),Growth,RL401_YEAST_full_11-26-2021_b01.a2m,1,128,128,0.1,0.2,16228,0.695,89,3974.4,44.65617978,medium,12,0.1348314607,RL401_YEAST_Roscoe_2013.csv,Selection Coefficient,1,mutant,RL401_YEAST_theta_0.2.npy
RL401_YEAST_Roscoe_2014,RL401_YEAST_Roscoe_2014.csv,RL40A_YEAST,Eukaryote,MQIFVKTLTGKTITLEVESSDTIDNVKSKIQDKEGIPPDQQRLIFAGKQLEDGRTLSDYNIQKESTLHLVLRLRGGIIEPSLKALASKYNCDKSVCRKCYARLPPRATNCRKRKCGHTNQLRPKKKLK,128,FALSE,1380,1380,0,0.5,manual,Roscoe,"Systematic Exploration of Ubiquitin Sequence, E1 Activation Efficiency, and Experimental Fitness in Yeast",2014,10.1016/j.jmb.2014.05.019,2-76,Ubiquitin,Saccharomyces cerevisiae S288C,E1 reactivity,Binding,RL401_YEAST_full_11-26-2021_b01.a2m,1,128,128,0.1,0.2,16228,0.695,89,3974.4,44.65617978,medium,12,0.1348314607,RL401_YEAST_Roscoe_2014.csv,rel_react,1,mutant,RL401_YEAST_theta_0.2.npy
SC6A4_HUMAN_Young_2021,SC6A4_HUMAN_Young_2021.csv,SC6A4_HUMAN,Human,METTPLNSQKQLSACEDGEDCQENGVLQKVVPTPGDKVESGQISNGYSAVPSPGAGDDTRHSIPATTTTLVAELHQGERETWGKKVDFLLSVIGYAVDLGNVWRFPYICYQNGGGAFLLPYTIMAIFGGIPLFYMELALGQYHRNGCISIWRKICPIFKGIGYAICIIAFYIASYYNTIMAWALYYLISSFTDQLPWTSCKNSWNTGNCTNYFSEDNITWTLHSTSPAEEFYTRHVLQIHRSKGLQDLGGISWQLALCIMLIFTVIYFSIWKGVKTSGKVVWVTATFPYIILSVLLVRGATLPGAWRGVLFYLKPNWQKLLETGVWIDAAAQIFFSLGPGFGVLLAFASYNKFNNNCYQDALVTSVVNCMTSFVSGFVIFTVLGYMAEMRNEDVSEVAKDAGPSLLFITYAEAIANMPASTFFAIIFFLMLITLGLDSTFAGLEGVITAVLDEFPHVWAKRRERFVLAVVITCFFGSLVTLTFGGAYVVKLLEEYATGPAVLTVALIEAVAVSWFYGITQFCRDVKEMLGFSPGWFWRICWVAISPLFLLFIICSFLMSPPQLRLFQYNYPYWSIILGYCIGTSSFICIPTYIAYRLIITPGTFKERIIKSITPETPTEIPCGDIRLNAV,630,FALSE,11576,11576,0,-0.1560688323,median,Young,Deep Mutagenesis of a Transporter for Uptake of a Non-Native Substrate Identifies Conformationally Dynamic Regions,2021,10.1101/2021.04.19.440442,2-630,Sodium-dependent serotonin transporter,Homo sapiens,Fluorescence,Fluorescence,SC6A4_HUMAN_full_11-26-2021_b02.a2m,1,630,630,0.2,0.2,40971,0.805,507,5278.9,10.41203156,medium,278,0.5483234714,SC6A4_HUMAN_Young_2021.csv,avg_MYC,1,mutant,SC6A4_HUMAN_theta_0.2.npy
SCN5A_HUMAN_Glazer_2019,SCN5A_HUMAN_Glazer_2019.csv,SCN5A_HUMAN,Human,MANFLLPRGTSSFRRFTRESLAAIEKRMAEKQARGSTTLQESREGLPEEEAPRPQLDLQASKKLPDLYGNPPQELIGEPLEDLDPFYSTQKTFIVLNKGKTIFRFSATNALYVLSPFHPIRRAAVKILVHSLFNMLIMCTILTNCVFMAQHDPPPWTKYVEYTFTAIYTFESLVKILARGFCLHAFTFLRDPWNWLDFSVIIMAYTTEFVDLGNVSALRTFRVLRALKTISVISGLKTIVGALIQSVKKLADVMVLTVFCLSVFALIGLQLFMGNLRHKCVRNFTALNGTNGSVEADGLVWESLDLYLSDPENYLLKNGTSDVLLCGNSSDAGTCPEGYRCLKAGENPDHGYTSFDSFAWAFLALFRLMTQDCWERLYQQTLRSAGKIYMIFFMLVIFLGSFYLVNLILAVVAMAYEEQNQATIAETEEKEKRFQEAMEMLKKEHEALTIRGVDTVSRSSLEMSPLAPVNSHERRSKRRKRMSSGTEECGEDRLPKSDSEDGPRAMNHLSLTRGLSRTSMKPRSSRGSIFTFRRRDLGSEADFADDENSTAGESESHHTSLLVPWPLRRTSAQGQPSPGTSAPGHALHGKKNSTVDCNGVVSLLGAGDPEATSPGSHLLRPVMLEHPPDTTTPSEEPGGPQMLTSQAPCVDGFEEPGARQRALSAVSVLTSALEELEESRHKCPPCWNRLAQRYLIWECCPLWMSIKQGVKLVVMDPFTDLTITMCIVLNTLFMALEHYNMTSEFEEMLQVGNLVFTGIFTAEMTFKIIALDPYYYFQQGWNIFDSIIVILSLMELGLSRMSNLSVLRSFRLLRVFKLAKSWPTLNTLIKIIGNSVGALGNLTLVLAIIVFIFAVVGMQLFGKNYSELRDSDSGLLPRWHMMDFFHAFLIIFRILCGEWIETMWDCMEVSGQSLCLLVFLLVMVIGNLVVLNLFLALLLSSFSADNLTAPDEDREMNNLQLALARIQRGLRFVKRTTWDFCCGLLRQRPQKPAALAAQGQLPSCIATPYSPPPPETEKVPPTRKETRFEEGEQPGQGTPGDPEPVCVPIAVAESDTDDQEEDEENSLGTEEESSKQQESQPVSGGPEAPPDSRTWSQVSATASSEAEASASQADWRQQWKAEPQAPGCGETPEDSCSEGSTADMTNTAELLEQIPDLGQDVKDPEDCFTEGCVRRCPCCAVDTTQAPGKVWWRLRKTCYHIVEHSWFETFIIFMILLSSGALAFEDIYLEERKTIKVLLEYADKMFTYVFVLEMLLKWVAYGFKKYFTNAWCWLDFLIVDVSLVSLVANTLGFAEMGPIKSLRTLRALRPLRALSRFEGMRVVVNALVGAIPSIMNVLLVCLIFWLIFSIMGVNLFAGKFGRCINQTEGDLPLNYTIVNNKSQCESLNLTGELYWTKVKVNFDNVGAGYLALLQVATFKGWMDIMYAAVDSRGYEEQPQWEYNLYMYIYFVIFIIFGSFFTLNLFIGVIIDNFNQQKKKLGGQDIFMTEEQKKYYNAMKKLGSKKPQKPIPRPLNKYQGFIFDIVTKQAFDVTIMFLICLNMVTMMVETDDQSPEKINILAKINLLFVAIFTGECIVKLAALRHYYFTNSWNIFDFVVVILSIVGTVLSDIIQKYFFSPTLFRVIRLARIGRILRLIRGAKGIRTLLFALMMSLPALFNIGLLLFLVMFIYSIFGMANFAYVKWEAGIDDMFNFQTFANSMLCLFQITTSAGWDGLLSPILNTGPPYCDPTLPNSNGSRGDCGSPAVGILFFTTYIIISFLIVVNMYIAIILENFSVATEESTEPLSEDDFDMFYEIWEKFDPEATQFIEYSVLSDFADALSEPLRIAKPNQISLINMDLPMVSGDRIHCMDILFAFTKRVLGESGEMDALKIQMEEKFMAANPSKISYEPITTTLRRKHEEVSAMVIQRAFRRHLLQRSLKHASFLFRQQAGSGLSEEDAPEREGLIAYVMSENFSRPLGPPSSSSISSTSFPPSYDSVTRATSDNLQVRGSDYSHSEDLADFPPSPDRDRESIV,2016,FALSE,224,224,0,-88.35,median,Glazer,Deep Mutational Scan of an SCN5A Voltage Sensor,2019,10.1161/CIRCGEN.119.002786,1621-1632,SCN5A,Homo sapiens,"drug resistance (triple-drug assay: veratridine + brevetoxin + ouabain; surrogate for sodium channel dysfunction, select against function)",,SCN5A_HUMAN_1611-1642_11-26-2021_b03.a2m,1611,1642,32,0.3,0.2,49973,0.812,26,743.1,28.58076923,medium,2,0.07692307692,SCN5A_HUMAN_Glazer_2019.csv,dms,-1,mutation,SCN5A_HUMAN_theta_0.2.npy
SPG1_STRSG_Olson_2014,SPG1_STRSG_Olson_2014.csv,SPG1_STRSG,Prokaryote,MEKEKKVKYFLRKSAFGLASVSAAFLVGSTVFAVDSPIEDTPIIRNGGELTNLLGNSETTLALRNEESATADLTAAAVADTVAAAAAENAGAAAWEAAAAADALAKAKADALKEFNKYGVSDYYKNLINNAKTVEGIKDLQAQVVESAKKARISEATDGLSDFLKSQTPAEDTVKSIELAEAKVLANRELDKYGVSDYHKNLINNAKTVEGVKELIDEILAALPKTDQYKLILNGKTLKGETTTEAVDAATAEKVFKQYANDNGVDGEWTYDDATKTFTVTEKPEVIDASELTPAVTTYKLVINGKTLKGETTTKAVDAETAEKAFKQYANDNGVDGVWTYDDATKTFTVTEMVTEVPGDAPTEPEKPEASIPLVPLTPATPIAKDDAKKDDTKKEDAKKPEAKKDDAKKAETLPTTGEGSNPFFTAAALAVMAGAGALAVASKRKED,448,TRUE,536962,1045,535917,-4,manual,Olson,A comprehensive biophysical description of pairwise epistasis throughout an entire protein domain,2014,10.1016/j.cub.2014.09.072,228-280,GB1,Streptococcus sp. group G,Binding (IgG),Binding,SPG1_STRSG_full_11-26-2021_b07.a2m,1,448,448,0.7,0.2,44,0.913,409,3.3,0.008068459658,low,0,0,SPG1_STRSG_Olson_2014.csv,lnW,1,mutant,SPG1_STRSG_theta_0.2.npy
SPIKE_SARS2_Starr_bind_2020,SPIKE_SARS2_Starr_bind_2020.csv,SPIKE_SARS2,Virus,MFVFLVLLPLVSSQCVNLTTRTQLPPAYTNSFTRGVYYPDKVFRSSVLHSTQDLFLPFFSNVTWFHAIHVSGTNGTKRFDNPVLPFNDGVYFASTEKSNIIRGWIFGTTLDSKTQSLLIVNNATNVVIKVCEFQFCNDPFLGVYYHKNNKSWMESEFRVYSSANNCTFEYVSQPFLMDLEGKQGNFKNLREFVFKNIDGYFKIYSKHTPINLVRDLPQGFSALEPLVDLPIGINITRFQTLLALHRSYLTPGDSSSGWTAGAAAYYVGYLQPRTFLLKYNENGTITDAVDCALDPLSETKCTLKSFTVEKGIYQTSNFRVQPTESIVRFPNITNLCPFGEVFNATRFASVYAWNRKRISNCVADYSVLYNSASFSTFKCYGVSPTKLNDLCFTNVYADSFVIRGDEVRQIAPGQTGKIADYNYKLPDDFTGCVIAWNSNNLDSKVGGNYNYLYRLFRKSNLKPFERDISTEIYQAGSTPCNGVEGFNCYFPLQSYGFQPTNGVGYQPYRVVVLSFELLHAPATVCGPKKSTNLVKNKCVNFNFNGLTGTGVLTESNKKFLPFQQFGRDIADTTDAVRDPQTLEILDITPCSFGGVSVITPGTNTSNQVAVLYQDVNCTEVPVAIHADQLTPTWRVYSTGSNVFQTRAGCLIGAEHVNNSYECDIPIGAGICASYQTQTNSPRRARSVASQSIIAYTMSLGAENSVAYSNNSIAIPTNFTISVTTEILPVSMTKTSVDCTMYICGDSTECSNLLLQYGSFCTQLNRALTGIAVEQDKNTQEVFAQVKQIYKTPPIKDFGGFNFSQILPDPSKPSKRSFIEDLLFNKVTLADAGFIKQYGDCLGDIAARDLICAQKFNGLTVLPPLLTDEMIAQYTSALLAGTITSGWTFGAGAALQIPFAMQMAYRFNGIGVTQNVLYENQKLIANQFNSAIGKIQDSLSSTASALGKLQDVVNQNAQALNTLVKQLSSNFGAISSVLNDILSRLDKVEAEVQIDRLITGRLQSLQTYVTQQLIRAAEIRASANLAATKMSECVLGQSKRVDFCGKGYHLMSFPQSAPHGVVFLHVTYVPAQEKNFTTAPAICHDGKAHFPREGVFVSNGTHWFVTQRNFYEPQIITTDNTFVSGNCDVVIGIVNNTVYDPLQPELDSFKEELDKYFKNHTSPDVDLGDISGINASVVNIQKEIDRLNEVAKNLNESLIDLQELGKYEQYIKWPWYIWLGFIAGLIAIVMVTIMLCCMTSCCSCLKGCCSCGSCCKFDEDDSEPVLKGVKLHYT,1273,FALSE,3802,3802,0,-0.5,manual,Starr,Deep Mutational Scanning of SARS-CoV-2 Receptor Binding Domain Reveals Constraints on Folding and ACE2 Binding,2020,10.1016/j.cell.2020.08.012,331-531,SARS-COV2,SARS-COV2,ACE2 binding,Binding,SPIKE_SARS2_theta0.99_full_11-26-2021_b01.a2m,1,1273,1273,0.1,0.01,36931,0.998,1271,1405.2,1.105586153,medium,2059,1.619984264,SPIKE_SARS2_Starr_2020.csv,bind_avg,1,mutation,SPIKE_SARS2_theta_0.01.npy
SPIKE_SARS2_Starr_expr_2020,SPIKE_SARS2_Starr_expr_2020.csv,SPIKE_SARS2,Virus,MFVFLVLLPLVSSQCVNLTTRTQLPPAYTNSFTRGVYYPDKVFRSSVLHSTQDLFLPFFSNVTWFHAIHVSGTNGTKRFDNPVLPFNDGVYFASTEKSNIIRGWIFGTTLDSKTQSLLIVNNATNVVIKVCEFQFCNDPFLGVYYHKNNKSWMESEFRVYSSANNCTFEYVSQPFLMDLEGKQGNFKNLREFVFKNIDGYFKIYSKHTPINLVRDLPQGFSALEPLVDLPIGINITRFQTLLALHRSYLTPGDSSSGWTAGAAAYYVGYLQPRTFLLKYNENGTITDAVDCALDPLSETKCTLKSFTVEKGIYQTSNFRVQPTESIVRFPNITNLCPFGEVFNATRFASVYAWNRKRISNCVADYSVLYNSASFSTFKCYGVSPTKLNDLCFTNVYADSFVIRGDEVRQIAPGQTGKIADYNYKLPDDFTGCVIAWNSNNLDSKVGGNYNYLYRLFRKSNLKPFERDISTEIYQAGSTPCNGVEGFNCYFPLQSYGFQPTNGVGYQPYRVVVLSFELLHAPATVCGPKKSTNLVKNKCVNFNFNGLTGTGVLTESNKKFLPFQQFGRDIADTTDAVRDPQTLEILDITPCSFGGVSVITPGTNTSNQVAVLYQDVNCTEVPVAIHADQLTPTWRVYSTGSNVFQTRAGCLIGAEHVNNSYECDIPIGAGICASYQTQTNSPRRARSVASQSIIAYTMSLGAENSVAYSNNSIAIPTNFTISVTTEILPVSMTKTSVDCTMYICGDSTECSNLLLQYGSFCTQLNRALTGIAVEQDKNTQEVFAQVKQIYKTPPIKDFGGFNFSQILPDPSKPSKRSFIEDLLFNKVTLADAGFIKQYGDCLGDIAARDLICAQKFNGLTVLPPLLTDEMIAQYTSALLAGTITSGWTFGAGAALQIPFAMQMAYRFNGIGVTQNVLYENQKLIANQFNSAIGKIQDSLSSTASALGKLQDVVNQNAQALNTLVKQLSSNFGAISSVLNDILSRLDKVEAEVQIDRLITGRLQSLQTYVTQQLIRAAEIRASANLAATKMSECVLGQSKRVDFCGKGYHLMSFPQSAPHGVVFLHVTYVPAQEKNFTTAPAICHDGKAHFPREGVFVSNGTHWFVTQRNFYEPQIITTDNTFVSGNCDVVIGIVNNTVYDPLQPELDSFKEELDKYFKNHTSPDVDLGDISGINASVVNIQKEIDRLNEVAKNLNESLIDLQELGKYEQYIKWPWYIWLGFIAGLIAIVMVTIMLCCMTSCCSCLKGCCSCGSCCKFDEDDSEPVLKGVKLHYT,1273,FALSE,3798,3798,0,-1,manual,Starr,Deep Mutational Scanning of SARS-CoV-2 Receptor Binding Domain Reveals Constraints on Folding and ACE2 Binding,2020,10.1016/j.cell.2020.08.012,331-531,SARS-COV2,SARS-COV2,ACE2 binding,Binding,SPIKE_SARS2_theta0.99_full_11-26-2021_b01.a2m,1,1273,1273,0.1,0.01,36931,0.998,1271,1405.2,1.105586153,medium,2059,1.619984264,SPIKE_SARS2_Starr_2020.csv,expr_avg,1,mutation,SPIKE_SARS2_theta_0.01.npy
SRC_HUMAN_Ahler_CD_2019,SRC_HUMAN_Ahler_CD_2019.csv,SRC_HUMAN,Human,MGSNKSKPKDASQRRRSLEPAENVHGAGGGAFPASQTPSKPASADGHRGPSAAFAPAAAEPKLFGGFNSSDTVTSPQRAGPLAGGVTTFVALYDYESRTETDLSFKKGERLQIVNNTEGDWWLAHSLSTGQTGYIPSNYVAPSDSIQAEEWYFGKITRRESERLLLNAENPRGTFLVRESETTKGAYCLSVSDFDNAKGLNVKHYKIRKLDSGGFYITSRTQFNSLQQLVAYYSKHADGLCHRLTTVCPTSKPQTQGLAKDAWEIPRESLRLEVKLGQGCFGEVWMGTWNGTTRVAIKTLKPGTMSPEAFLQEAQVMKKLRHEKLVQLYAVVSEEPIYIVTEYMSKGSLLDFLKGETGKYLRLPQLVDMAAQIASGMAYVERMNYVHRDLRAANILVGENLVCKVADFGLARLIEDNEYTARQGAKFPIKWTAPEAALYGRFTIKSDVWSFGILLTELTTKGRVPYPGMVNREVLDQVERGYRMPCPPECPESLHDLMCQCWRKEPEERPTFEYLQAFLEDYFTSTEPQYQPGENL,536,FALSE,3372,3372,0,-1,manual,Ahler,"A Combined Approach Reveals a Regulatory Mechanism Coupling Src's Kinase Activity, Localization, and Phosphotransferase-Independent Functions",2019,10.1016/j.molcel.2019.02.003,270-519,SRC,Homo sapiens,growth (surrogate for phosphorylation activity),Growth,SRC_HUMAN_full_11-26-2021_b06.a2m,1,536,536,0.6,0.2,26974,0.808,433,1405.1,3.245034642,medium,86,0.1986143187,SRC_HUMAN_Ahler_CD_2019.csv,Activity_Score,1,mutant_uniprot_1,SRC_HUMAN_theta_0.2.npy
SUMO1_HUMAN_Weile_2017,SUMO1_HUMAN_Weile_2017.csv,SUMO1_HUMAN,Human,MSDQEAKPSTEDLGDKKEGEYIKLKVIGQDSSEIHFKVKMTTHLKKLKESYCQRQGVPMNSLRFLFEGQRIADNHTPKELGMEEEDVIEVYQEQTGGHSTV,101,FALSE,1700,1700,0,0.3,manual,Weile,A framework for exhaustively mapping functional missense variants,2017,10.15252/msb.20177908,1-101,Small ubiquitin-related modifier 1,Homo sapiens,Yeast growth,complementation,SUMO1_HUMAN_full_11-26-2021_b02.a2m,1,101,101,0.2,0.2,85570,0.703,71,13120.2,184.7915493,high,67,0.9436619718,SUMO1_HUMAN_Weile_2017.csv,screenscore,1,mutant,SUMO1_HUMAN_theta_0.2.npy
SYUA_HUMAN_Newberry_2020,SYUA_HUMAN_Newberry_2020.csv,SYUA_HUMAN,Human,MDVYMKGLSKAKEGVVAAAEKTKQGVAEAAGKTKEGVLFVGSKTKEGVVHGVATVAEKTKEQVTNVGGAVVTGVTAVAQKTVEGAGSIAAATGYVKKDQLGKNEEGAPQEGILEDMPVDPDNEAFEMPSEEGFQDFEPEA,140,FALSE,2497,2497,0,-0.1,manual,Newberry,Robust Sequence Determinants of α-Synuclein Toxicity in Yeast Implicate Membrane Binding,2020,10.1021/acschembio.0c00339,1-140,alpha-synuclein,Homo sapiens,Growth,Growth,SYUA_HUMAN_full_04-29-2022_b01.a2m,1,140,140,0.1,0.2,15711,0.707,99,6509.6,65.75353535,medium,62,0.6262626263,SYUA_HUMAN_Newberry_2020.csv,Fitness Score,-1,mutant,SYUA_HUMAN_theta_0.2.npy
TADBP_HUMAN_Bolognesi_2019,TADBP_HUMAN_Bolognesi_2019.csv,TADBP_HUMAN,Human,MSEYIRVTEDENDEPIEIPSEDDGTVLLSTVTAQFPGACGLRYRNPVSQCMRGVRLVEGILHAPDAGWGNLVYVVNYPKDNKRKMDETDASSAVKVKRAVQKTSDLIVLGLPWKTTEQDLKEYFSTFGEVLMVQVKKDLKTGHSKGFGFVRFTEYETQVKVMSQRHMIDGRWCDCKLPNSKQSQDEPLRSRKVFVGRCTEDMTEDELREFFSQYGDVMDVFIPKPFRAFAFVTFADDQIAQSLCGEDLIIKGISVHISNAEPKHNSNRQLERSGRFGGNPGGFGNQGGFGNSRGGGAGLGNNQGSNMGGGMNFGAFSINPAMMAAAQAALQSSWGMMGMLASQQNQSGPSGNNQNQGNMQREPNQAFGSGNNSYSGSNSGAAIGWGSASNAGSGSGFNGGFGSSMDSKSSGWGM,414,FALSE,1196,1196,0,0.003661517102,median,Bolognesi,The mutational landscape of a prion-like domain,2019,10.1038/s41467-019-12101-z,290-373,TARDBP,Homo sapiens,growth (surrogate for toxicity),Growth,TADBP_HUMAN_full_11-26-2021_b09.a2m,1,414,414,0.9,0.2,1211,0.911,377,147.3,0.3907161804,low,8,0.02122015915,TADBP_HUMAN_Bolognesi_2019.csv,toxicity,1,mutant_uniprot_1,TADBP_HUMAN_theta_0.2.npy
TAT_HV1BR_Fernandes_2016,TAT_HV1BR_Fernandes_2016.csv,TAT_HV1BR,Virus,MEPVDPRLEPWKHPGSQPKTACTNCYCKKCCFHCQVCFMTKALGISYGRKKRRQRRRAHQNSQTHQASLSKQPTSQSRGDPTGPKE,86,FALSE,1577,1577,0,-0.2,manual,Fernandes,Functional Segregation of Overlapping Genes in HIV,2016,10.1016/j.cell.2016.11.031,1-86,tat,Human immunodeficiency virus type 1 group M subtype B (isolate BRU/LAI) (HIV-1),Viral replication,Growth,TAT_HV1BR_full_theta0.99_04-29-2022_b09.a2m,1,86,86,0.9,0.01,12155,0.988,85,9925,116.7647059,high,49,0.5764705882,TAT_HV1BR_Fernandes_2016.csv,sel_coeff_mean,1,mutant,TAT_HV1BR_theta_0.01.npy
TPK1_HUMAN_Weile_2017,TPK1_HUMAN_Weile_2017.csv,TPK1_HUMAN,Human,MEHAFTPLEPLLSTGNLKYCLVILNQPLDNYFRHLWNKALLRACADGGANRLYDITEGERESFLPEFINGDFDSIRPEVREYYATKGCELISTPDQDHTDFTKCLKMLQKKIEEKDLKVDVIVTLGGLAGRFDQIMASVNTLFQATHITPFPIIIIQEESLIYLLQPGKHRLHVDTGMEGDWCGLIPVGQPCMQVTTTGLKWNLTNDVLAFGTLVSTSNTYDGSGVVTVETDHPLLWTMAIKS,243,FALSE,3181,3181,0,0.5,manual,Weile,A framework for exhaustively mapping functional missense variants,2017,10.15252/msb.20177908,1-243,Thiamin pyrophosphokinase 1,Homo sapiens,Yeast growth,complementation,TPK1_HUMAN_full_11-26-2021_b02.a2m,1,243,243,0.2,0.2,21515,0.823,200,7122.6,35.613,medium,234,1.17,TPK1_HUMAN_Weile_2017.csv,screenscore,1,mutant,TPK1_HUMAN_theta_0.2.npy
TPMT_HUMAN_Matreyek_2018,TPMT_HUMAN_Matreyek_2018.csv,TPMT_HUMAN,Human,MDGTRTSLDIEEYSDTEVQKNQVLTLEEWQDKWVNGKTAFHQEQGHQLLKKHLDTFLKGKSGLRVFFPLCGKAVEMKWFADRGHSVVGVEISELGIQEFFTEQNLSYSEEPITEIPGTKVFKSSSGNISLYCCSIFDLPRTNIGKFDMIWDRGALVAINPGDRKCYADTMFSLLGKKFQYLLCVLSYDPTKHPGPPFYVPHAEIERLFGKICNIRCLEKVDAFEERHKSWGIDCLFEKLYLLTEK,245,FALSE,3648,3648,0,0.5,manual,Matreyek,Multiplex Assessment of Protein Variant Abundance by Massively Parallel Sequencing,2018,10.1038/s41588-018-0122-z,1-245,Thiopurine S-methyltransferase,Homo sapiens,Protein abundance (FACS sorting for abundance of GFP-fused target),Protein stability,TPMT_HUMAN_full_11-26-2021_b03.a2m,1,245,245,0.3,0.2,19526,0.731,179,6296.8,35.17765363,medium,109,0.6089385475,TPMT_HUMAN_Matreyek_2018.csv,score,1,mutant,TPMT_HUMAN_theta_0.2.npy
TPOR_HUMAN_Bridgford_S505N_2020,TPOR_HUMAN_Bridgford_S505N_2020.csv,TPOR_HUMAN,Human,MPSWALFMVTSCLLLAPQNLAQVSSQDVSLLASDSEPLKCFSRTFEDLTCFWDEEEAAPSGTYQLLYAYPREKPRACPLSSQSMPHFGTRYVCQFPDQEEVRLFFPLHLWVKNVFLNQTRTQRVLFVDSVGLPAPPSIIKAMGGSQPGELQISWEEPAPEISDFLRYELRYGPRDPKNSTGPTVIQLIATETCCPALQRPHSASALDQSPCAQPTMPWQDGPKQTSPSREASALTAEGGSCLISGLQPGNSYWLQLRSEPDGISLGGSWGSWSLPVTVDLPGDAVALGLQCFTLDLKNVTCQWQQQDHASSQGFFYHSRARCCPRDRYPIWENCEEEEKTNPGLQTPQFSRCHFKSRNDSIIHILVEVTTAPGTVHSYLGSPFWIHQAVRLPTPNLHWREISSGHLELEWQHPSSWAAQETCYQLRYTGEGHQDWKVLEPPLGARGGTLELRPRSRYRLQLRARLNGPTYQGPWSSWSDPTRVETATETAWISLVTALHLVLGLNAVLGLLLLRWQFPAHYRRLRHALWPSLPDLHRVLGQYLRDTAALSPPKATVSDTCEEVEPSLLEILPKSSERTPLPLCSSQAQMDYRRLQPSCLGTMPLSVCPPMAESGSCCTTHIANHSYLPLSYWQQP,635,FALSE,562,562,0,-0.1,manual,Bridgford,Novel drivers and modifiers of MPL-dependent oncogenic transformation identified by deep mutational scanning,2020,10.1182/blood.2019002561,487-517,MPL,Homo sapiens,growth/survival (surrogate for TpoR/MPL enhanced constitutive activation),Growth,TPOR_HUMAN_full_11-26-2021_b01.a2m,1,635,635,0.1,0.2,937,0.825,524,128.4,0.2450381679,low,0,0,TPOR_HUMAN_Bridgford_S505N_2020.csv,score,1,mutant_uniprot_1,TPOR_HUMAN_theta_0.2.npy
TRPC_SACS2_Chan_2017,TRPC_SACS2_Chan_2017.csv,TRPC_SACS2,Prokaryote,MPRYLKGWLKDVVQLSLRRPSFRASRQRPIISLNERILEFNKRNITAIIAEYKRKSPSGLDVERDPIEYSKFMERYAVGLSILTEEKYFNGSYETLRKIASSVSIPILMKDFIVKESQIDDAYNLGADTVLLIVKILTERELESLLEYARSYGMEPLIEINDENDLDIALRIGARFIGINSRDLETLEINKENQRKLISMIPSNVVKVAESGISERNEIEELRKLGVNAFLIGSSLMRNPEKIKEFIL,248,FALSE,1519,1519,0,-0.5,manual,Chan,Correlation of fitness landscapes from three orthologous TIM barrels originates from sequence and structure constraints,2017,10.1038/ncomms14614,44-235,TIM Barrell (S. solfataricus),Thermus thermophilus,fitness,Growth,TRPC_SACS2_full_11-26-2021_b07.a2m,1,248,248,0.7,0.2,52935,0.944,234,10651.1,45.51752137,medium,364,1.555555556,TRPC_SACS2_Chan_2017.csv,fitness,1,mutant,TRPC_SACS2_theta_0.2.npy
TRPC_THEMA_Chan_2017,TRPC_THEMA_Chan_2017.csv,TRPC_THEMA,Prokaryote,MRRLWEIVEAKKKDILEIDGENLIVQRRNHRFLEVLSGKERVKIIAEFKKASPSAGDINADASLEDFIRMYDELADAISILTEKHYFKGDPAFVRAARNLTSRPILAKDFYIDTVQVKLASSVGADAILIIARILTAEQIKEIYEAAEELGMDSLVEVHSREDLEKVFSVIRPKIIGINTRDLDTFEIKKNVLWELLPLVPDDTVVVAESGIKDPRELKDLRGKVNAVLVGTSIMKAENPRRFLEEMRAWSE,252,FALSE,1519,1519,0,-0.5,manual,Chan,Correlation of fitness landscapes from three orthologous TIM barrels originates from sequence and structure constraints,2017,10.1038/ncomms14614,40-233,TIM Barrell (T. maritima),Thermus thermophilus,fitness,Growth,TRPC_THEMA_full_11-26-2021_b07.a2m,1,252,252,0.7,0.2,52988,0.948,239,10582.5,44.27824268,medium,380,1.589958159,TRPC_THEMA_Chan_2017.csv,fitness,1,mutant,TRPC_THEMA_theta_0.2.npy
UBC9_HUMAN_Weile_2017,UBC9_HUMAN_Weile_2017.csv,UBC9_HUMAN,Human,MSGIALSRLAQERKAWRKDHPFGFVAVPTKNPDGTMNLMNWECAIPGKKGTPWEGGLFKLRMLFKDDYPSSPPKCKFEPPLFHPNVYPSGTVCLSILEEDKDWRPAITIKQILLGIQELLNEPNIQDPAQAEAYTIYCQNRVEYEKRVRAQAKKFAPSY,159,FALSE,2563,2563,0,0.384407289,median,Weile,A framework for exhaustively mapping functional missense variants,2017,10.15252/msb.20177908,1-159,SUMO-conjugating enzyme UBC9,Homo sapiens,Yeast growth,complementation,UBC9_HUMAN_full_11-26-2021_b03.a2m,1,159,159,0.3,0.2,69788,0.849,135,8394,62.17777778,medium,89,0.6592592593,UBC9_HUMAN_Weile_2017.csv,screenscore,1,mutant,UBC9_HUMAN_theta_0.2.npy
UBE4B_MOUSE_Starita_2013,UBE4B_MOUSE_Starita_2013.csv,UBE4B_MOUSE,Eukaryote,MEELSADEIRRRRLARLAGGQTSQPTTPLTSPQRENPPGPPIAASAPGPSQSLGLNVHNMTPATSPIGAAGVAHRSQSSEGVSSLSSSPSNSLETQSQSLSRSQSMDIDGVSCEKSMSQVDVDSGIENMEVDENDRREKRSLSDKEPSSGPEVSEEQALQLVCKIFRVSWKDRDRDVIFLSSLSAQFKQNPKEVFSDFKDLIGQILMEVLMMSTQTRDENPFASLTATSQPIATAARSPDRNLMLNTGSSSGTSPMFCNMGSFSTSSLSSLGASGGASNWDSYSDHFTIETCKETDMLNYLIECFDRVGIEEKKAPKMCSQPAVSQLLSNIRSQCISHTALVLQGSLTQPRSLQQPSFLVPYMLCRNLPYGFIQELVRTTHQDEEVFKQIFIPILQGLALAAKECSLESDYFKYPLMALGELCETKFGKTHPMCNLVASLPLWLPKSLSPGSGRELQRLSYLGAFFSFSVFAEDDAKVVEKYFSGPAITLENTRVVSQSLQHYLELGRQELFKILHSILLNGETREAALSYMAALVNANMKKAQMQADDRLVSTDGFMLNLLWVLQQLSTKIKLETVDPTYIFHPRCRITLPNDETRINATMEDVNERLTELYGDQPPFSEPKFPTECFFLTLHAHHLSILPSCRRYIRRLRAIRELNRTVEDLKNNESQWKDSPLATRHREMLKRCKTQLKKLVRCKACADAGLLDESFLRRCLNFYGLLIQLMLRILDPAYPDVTLPLNSEVPKVFAALPEFYVEDVAEFLFFIVQYSPQVLYEPCTQDIVMFLVVMLCNQNYIRNPYLVAKLVEVMFMTNPSVQPRTQKFFEMIENHPLSTKLLVPSLMKFYTDVEHTGATSEFYDKFTIRYHISTIFKSLWQNIAHHGTFMEEFNSGKQFVRYINMLINDTTFLLDESLESLKRIHEVQEEMKNKEQWDQLPRDQQQARQSQLAQDERVSRSYLALATETVDMFHLLTKQVQKPFLRPELGPRLAAMLNFNLQQLCGPKCRDLKVENPEKYGFEPKKLLDQLTDIYLQLDCARFAKAIADDQRSYSKELFEEVISKMRKAGIKSTIAIEKFKLLAEKVEEIVAKNARAEIDYSDAPDEFRDPLMDTLMTDPVRLPSGTVMDRSIILRHLLNSPTDPFNRQMLTESMLEPVPELKEQIQAWMREKQSSDH,1173,FALSE,899,899,0,-1.8,manual,Starita,Activity-enhancing mutations in an E3 ubiquitin ligase identified by high-throughput mutagenesis,2013,10.1073/pnas.1303309110,1072-1173,Ube4b,Mus musculus,Ligase activity (phage display),Auto-ubiquitination,UBE4B_MOUSE_full_11-26-2021_b05.a2m,1,1173,1173,0.5,0.2,4743,0.765,897,679.4,0.7574136009,low,49,0.05462653289,UBE4B_MOUSE_Starita_2013.csv,log2_ratio,1,mutant,UBE4B_MOUSE_theta_0.2.npy
VKOR1_HUMAN_Chiasson_abundance_2020,VKOR1_HUMAN_Chiasson_abundance_2020.csv,VKOR1_HUMAN,Human,MGSTWGSPGWVRLALCLTGLVLSLYALHVKAARARDRDYRALCDVGTAISCSRVFSSRWGRGFGLVEHVLGQDSILNQSNSIFGCIFYTLQLLLGCLRTRWASVLMLLSSLVSLAGSVYLAWILFFVLYDFCIVCITTYAINVSLMWLSFRKVQEPQGKAKRH,163,FALSE,2695,2695,0,0.7480893367,median,Chiasson,"Multiplexed measurement of variant abundance and activity reveals VKOR topology, active site and human variant impact",2020,10.7554/eLife.58026,2-163,VKORC1,Homo sapiens,protein stability (eGFP fusion reporter),,VKOR1_HUMAN_full_11-26-2021_b03.a2m,1,163,163,0.3,0.2,14510,0.779,127,4655,36.65354331,medium,97,0.7637795276,VKOR1_HUMAN_Chiasson_2020.csv,abundance_score,1,variant,VKOR1_HUMAN_theta_0.2.npy
VKOR1_HUMAN_Chiasson_activity_2020,VKOR1_HUMAN_Chiasson_activity_2020.csv,VKOR1_HUMAN,Human,MGSTWGSPGWVRLALCLTGLVLSLYALHVKAARARDRDYRALCDVGTAISCSRVFSSRWGRGFGLVEHVLGQDSILNQSNSIFGCIFYTLQLLLGCLRTRWASVLMLLSSLVSLAGSVYLAWILFFVLYDFCIVCITTYAINVSLMWLSFRKVQEPQGKAKRH,163,FALSE,697,697,0,0.7,manual,Chiasson,"Multiplexed measurement of variant abundance and activity reveals VKOR topology, active site and human variant impact",2020,10.7554/eLife.58026,2-163,VKORC1,Homo sapiens,protein stability (eGFP fusion reporter),,VKOR1_HUMAN_full_11-26-2021_b03.a2m,1,163,163,0.3,0.2,14510,0.779,127,4655,36.65354331,medium,97,0.7637795276,VKOR1_HUMAN_Chiasson_2020.csv,activity_score,1,variant,VKOR1_HUMAN_theta_0.2.npy
YAP1_HUMAN_Araya_2012,YAP1_HUMAN_Araya_2012.csv,YAP1_HUMAN,Human,MDPGQQPPPQPAPQGQGQPPSQPPQGQGPPSGPGQPAPAATQAAPQAPPAGHQIVHVRGDSETDLEALFNAVMNPKTANVPQTVPMRLRKLPDSFFKPPEPKSHSRQASTDAGTAGALTPQHVRAHSSPASLQLGAVSPGTLTPTGVVSGPAATPTAQHLRQSSFEIPDDVPLPAGWEMAKTSSGQRYFLNHIDQTTTWQDPRKAMLSQMNVTAPTSPPVQQNMMNSASGPLPDGWEQAMTQDGEIYYINHKNKTTSWLDPRLDPRFAMNQRISQSAPVKQPPPLAPQSPQGGVMGGSNSNQQQQMRLQQLQMEKERLRLKQQELLRQAMRNINPSTANSPKCQELALRSQLPTLEQDGGTQNPVSSPGMSQELRTMTTNSSDPFLNSGTYHSRDESTDSGLSMSSYSVPRTPDDFLNSVDEMDTGDTINQSTLPSQQNRFPDYLEAIPGTNVDLGTLEGDGMNIEGEELMPSLQEALSSDILNDMESVLAATKLDKESFLTWL,504,TRUE,10075,362,9713,0.6236402571,median,Araya,"A fundamental protein property, thermodynamic stability, revealed solely from large-scale measurements of protein function",2012,10.1073/pnas.1209751109,170-203,YAP1,Homo sapiens,peptide binding,Binding,YAP1_HUMAN_full_11-26-2021_b02.a2m,1,504,504,0.2,0.2,1604,0.859,433,132.6,0.3062355658,low,1,0.002309468822,YAP1_HUMAN_Araya_2012.csv,W,1,mutant,YAP1_HUMAN_theta_0.2.npy